"n","B","j","delta_lambda","kappa_IM","psi_delta","se_delta","lower_delta","upper_delta"
500,1,1,0.0620869101381736,114358408.522371,1.71403553261727,0.0925702632599264,1.53259781662781,1.89547324860673
500,2,1,0.0484339755786149,14721937.3831018,1.67919581339583,0.110147259500678,1.4633071847745,1.89508444201716
500,3,1,0.0480079796715103,37221530.3700504,1.95639895724023,0.0932531936776414,1.77362269763205,2.1391752168484
500,4,1,0.0715129787123628,159009.242107086,1.72183910754425,0.100640082570784,1.52458454570551,1.91909366938298
500,5,1,0.0612336106726085,461662.836304398,1.71714607375449,0.0860653476925922,1.548457992277,1.88583415523197
500,6,1,0.0545961325230043,1.08357369777453e+23,1.74916628022687,0.0860659878789645,1.5804769439841,1.91785561646964
500,7,1,0.0418635336873857,548272569.994495,1.62103645681846,0.134909273489144,1.35661428077974,1.88545863285718
500,8,1,0.0509770456482167,50336.3931346155,1.38512062854395,0.0913138236254032,1.20614553423816,1.56409572284974
500,9,1,0.0418265683978736,1.66792176990706e+23,1.69677632807761,0.124001937788641,1.45373253001188,1.93982012614335
500,10,1,0.0243436076015422,8804593.66083636,1.88512073486862,0.0942178499013407,1.70045374906199,2.06978772067525
500,11,1,0.0597063648943737,8.30171905179878e+22,1.76108884806423,0.0853296259065812,1.59384278128733,1.92833491484113
500,12,1,0.0273287845692185,1655381196.48364,1.84325321911645,0.107473542561282,1.63260507569634,2.05390136253656
500,13,1,0.0962004321042395,851664.672560572,1.87212689003137,0.0912974168517948,1.69318395300185,2.05106982706089
500,14,1,0.0299956737156147,1.01347934546452e+23,1.94621492864798,0.0957084749717784,1.75862631770329,2.13380353959266
500,15,1,0.0339724241924679,2599027.63102693,1.64279424896077,0.0899704941316451,1.46645208046274,1.81913641745879
500,16,1,0.0292629734648071,1.60684894768168e+23,1.63183266432461,0.0858491338639908,1.46356836195118,1.80009696669803
500,17,1,0.0288674283461764,4.38563001013504e+23,1.38149489367485,0.16155265047247,1.06485169874881,1.69813808860089
500,18,1,0.0595168636346633,602670.871393543,1.88016215619649,0.0938781906276897,1.69616090256622,2.06416340982676
500,19,1,0.0765097626282448,421033.461184176,1.7549503607814,0.0799335112689113,1.59828067869434,1.91162004286847
500,20,1,0.0452909288706317,4521160.09007223,1.79278016160785,0.0987164632614264,1.59929589361546,1.98626442960025
500,21,1,0.0365739486146002,32710635.4963869,1.86317028289431,0.0895490319979496,1.68765418017833,2.03868638561029
500,22,1,0.0328167121589679,221985261.191039,1.51076106328438,0.0753612849698186,1.36305294474354,1.65846918182523
500,23,1,0.0616098345926824,40379616.8873659,1.57254554530348,0.116226766617772,1.34474108273265,1.80035000787431
500,24,1,0.0487597706204637,11613290.3344169,1.3232251416986,0.0827371759865241,1.16106027676501,1.48539000663219
500,25,1,0.0513096687223324,4.46186149930055e+22,1.81975951028585,0.087113961727978,1.64901614529901,1.99050287527269
500,26,1,0.0442516348752084,6.14295626957132e+22,1.5725538616953,0.0869140762267142,1.40220227229094,1.74290545109966
500,27,1,0.0586756898257429,9932372.69694923,1.52250192538702,0.0860492369723118,1.35384542092129,1.69115842985276
500,28,1,0.034791650391888,6.01631636995847e+21,3.40109533566768,0.225511861500567,2.95909208712657,3.84309858420879
500,29,1,0.0290119157250012,646488660.179218,1.71858153673344,0.232277645812412,1.26331735094111,2.17384572252577
500,30,1,0.0552710434312818,3251340.57534496,1.54632716924493,0.105645344237674,1.33926229453909,1.75339204395077
500,31,1,0.0473998293312309,76156160.4933587,1.57543833263326,0.0884584102974931,1.40205984845017,1.74881681681634
500,32,1,0.0309401303723555,4527743.92999314,1.8886545261274,0.0943267932477872,1.70377401136174,2.07353504089307
500,33,1,0.0392151475245141,99871163290121633792,1.56354596443268,0.108462525291957,1.35095941486044,1.77613251400491
500,34,1,0.0403094412677534,6629515.10749897,1.63857041686987,0.0903582072738254,1.46146833061317,1.81567250312657
500,35,1,0.0285514484394145,14524631.4486251,1.52000077506289,0.0948575116924701,1.33408005214565,1.70592149798013
500,36,1,0.0524621801580034,2.7445877003644e+22,1.62817105555732,0.0876070363574604,1.4564612642967,1.79988084681794
500,37,1,0.0358782823529884,5258799.02811986,1.61905084375166,0.0813053851305512,1.45969228889578,1.77840939860754
500,38,1,0.0536116246503534,3323768.65577174,1.49523528412408,0.107326717205457,1.28487491840139,1.70559564984678
500,39,1,0.0421189234491408,252746399.478338,1.70469081757706,0.090813899733918,1.52669557409858,1.88268606105554
500,40,1,0.0353807344568217,232683613.943418,1.65368724203883,0.150460696935809,1.35878427604464,1.94859020803301
500,41,1,0.0482715110588823,2.55490270806281e+23,1.84375422200402,0.113165645250552,1.62194955731294,2.0655588866951
500,42,1,0.0760201178878371,44570.3063074628,1.62089009617056,0.0943149685955314,1.43603275772332,1.8057474346178
500,43,1,0.0458726751398719,489992.008578688,1.78141783771661,0.0882681715436199,1.60841222149112,1.95442345394211
500,44,1,0.052741271255509,395818.570794522,1.76300887255692,0.0961727744573548,1.57451023462051,1.95150751049334
500,45,1,0.026130385505641,45967639.3354546,1.60859854128243,0.106762013835396,1.39934499416505,1.8178520883998
500,46,1,0.0529490246953368,106808029.953302,1.73256974338542,0.108762971432905,1.51939431937692,1.94574516739391
500,47,1,0.0293705629195886,16542587.4965152,1.68885803775945,0.106688073467445,1.47974941376325,1.89796666175564
500,48,1,0.0310916071648991,2.70537306811453e+22,1.53979511760567,0.110200085772806,1.32380294949097,1.75578728572037
500,49,1,0.0564663421683404,29227.2756241723,1.61876570292812,0.0846691942289031,1.45281408223947,1.78471732361677
500,50,1,0.027058959580415,159835682.044569,1.74044666006073,0.101902115937505,1.54071851282323,1.94017480729824
500,51,1,0.0720907345414551,163612.008870132,1.69775238382868,0.0918481627604185,1.51772998481826,1.8777747828391
500,52,1,0.0368344001531606,3.61061375340785e+39,1.78856704000541,0.100151232921827,1.59227062347863,1.98486345653219
500,53,1,0.0401495415331717,212405141256.061,1.77637069914807,0.0894622288556852,1.60102473059093,1.95171666770521
500,54,1,0.0301051388187908,14146866.8950493,1.76933681024052,0.0948588012352217,1.58341355981949,1.95526006066155
500,55,1,0.0314889515006314,7.80730331875542e+22,1.61981915683652,0.0874689528258268,1.4483800092979,1.79125830437514
500,56,1,0.0260945615280313,1.72465713541063e+21,1.90803868608353,0.107561009300509,1.69721910785453,2.11885826431253
500,57,1,0.0278456858817425,1.14451608247588e+23,1.70908048165683,0.0986028943691724,1.51581880869325,1.90234215462041
500,58,1,0.0665072358053346,171107.834960347,1.7427199615877,0.0945516078964564,1.55739881011064,1.92804111306475
500,59,1,0.0512183625352046,17272932.1203426,1.92222846229479,0.0891966851374318,1.74740295942543,2.09705396516416
500,60,1,0.0406173714526216,1.028773339403e+23,1.7970715937093,0.103591667135503,1.59403192612371,2.00011126129488
500,61,1,0.0638191952822046,60622656.7918246,1.60426442645271,0.101635438060466,1.4050589678542,1.80346988505123
500,62,1,0.0396353074433461,69405703.7149971,1.45465358373569,0.0904064072200304,1.27745702558443,1.63185014188695
500,63,1,0.0459776110771471,1188819655.45713,1.50800765372608,0.0983973437653466,1.315148859946,1.70086644750616
500,64,1,0.0336491635847092,13925452.87504,1.9668005818267,0.0994704853198506,1.77183843059979,2.16176273305361
500,65,1,0.0506896252826892,9594127.25324388,1.8644665046036,0.0932999117475774,1.68159867757835,2.04733433162885
500,66,1,0.04164187711052,4608901.39524952,1.54841826849122,0.130443590317596,1.29274883146873,1.80408770551371
500,67,1,0.0993868561840717,399624.690103903,1.86109784376529,0.0840938487926519,1.69627390013169,2.02592178739889
500,68,1,0.0307169934928664,1169312445.70387,2.29211477172652,0.0950543902647345,2.10580816680764,2.4784213766454
500,69,1,0.0397677287974901,2384444.79513576,1.3888655132106,0.0835833126193936,1.22504222047658,1.55268880594461
500,70,1,0.0268933162184861,9.85588271092698e+22,1.57457703030016,0.108912159538102,1.36110919760548,1.78804486299484
500,71,1,0.0261505713774079,2.91634758315639e+21,1.39684448630721,0.104379121366865,1.19226140842815,1.60142756418627
500,72,1,0.0252290682131686,1.29884114600031e+21,0.0967384658293524,0.216725375610029,-0.328043270366304,0.521520202025009
500,73,1,0.0387769444146872,1870566504.9214,1.72804129698446,0.0983203707294284,1.53533337035478,1.92074922361414
500,74,1,0.0588821492390124,1421501.67804792,1.66074842869405,0.0756617379665727,1.51245142227957,1.80904543510853
500,75,1,0.0539173819024292,6.30390878073637e+23,1.50705094034255,0.132745531862596,1.24686969789187,1.76723218279324
500,76,1,0.0547734663437323,1993803.38688395,1.3924089401037,0.0907681056857136,1.21450345295971,1.5703144272477
500,77,1,0.0420212039281976,6.23364550065873e+22,1.51838178136047,0.134670931255368,1.25442675609994,1.78233680662099
500,78,1,0.0255842171201233,5286953.91820686,1.88742952077258,0.0929409250781751,1.70526530761936,2.06959373392581
500,79,1,0.0296751327423472,1.42019134268071e+23,1.59131935175722,0.12189662203147,1.35240197257554,1.8302367309389
500,80,1,0.0276841965699852,10025113.4828446,1.94491489483318,0.12299117220531,1.70385219731077,2.18597759235558
500,81,1,0.0469888709351633,4.02095371083203e+22,1.89405920754053,0.0861157663868136,1.72527230542237,2.06284610965868
500,82,1,0.0260300638218562,7.73019908093765e+22,1.63223328111685,0.102332344296118,1.43166188629646,1.83280467593724
500,83,1,0.0263257890628424,1.67371865401899e+22,1.86205187361823,0.100867614888641,1.66435134843649,2.05975239879996
500,84,1,0.0445117118458776,46124606.1876227,1.64171564708455,0.106161195504091,1.43363970389653,1.84979159027257
500,85,1,0.0725026465516332,2395777.24422008,1.61055251971148,0.0812394809841481,1.45132313698255,1.76978190244041
500,86,1,0.040191950388156,2.44032399801774e+23,1.57441843852143,0.0834462213310038,1.41086384471266,1.7379730323302
500,87,1,0.0260240975591916,3.24179650402547e+20,1.60355771630084,0.110098174536626,1.38776529420906,1.81935013839263
500,88,1,0.0517718024194099,259907.430102584,1.74838811565656,0.113328039289944,1.52626515864827,1.97051107266485
500,89,1,0.0272159865959996,2.99800811814113e+23,2.62186806833181,0.177157044877442,2.27464026037202,2.9690958762916
500,90,1,0.0349803284028166,19915964.6459767,1.49245001167354,0.0876799187527828,1.32059737091808,1.66430265242899
500,91,1,0.0465407785497555,747935.166294863,1.53696570785245,0.0885351285083753,1.36343685597603,1.71049455972886
500,92,1,0.0289443447629388,7.07854961411863e+21,1.74948446486451,0.106202793041378,1.54132699050341,1.95764193922561
500,93,1,0.0573329608100141,2544298.37740477,1.75826365783589,0.0898707249134315,1.58211703700556,1.93441027866621
500,94,1,0.0539903112935693,9.30002610072989e+21,2.06848040393289,0.0934341048195612,1.88534955848655,2.25161124937923
500,95,1,0.0534842757557552,21396060.2963014,1.6078060936623,0.223507935456141,1.16973054016826,2.04588164715633
500,96,1,0.0438923640598126,1.71663827757694e+21,1.61596909287145,0.0874701014425607,1.44452769404403,1.78741049169887
500,97,1,0.0532066503944955,4635480.83214305,1.56342684585192,0.208512702339046,1.15474194926739,1.97211174243645
500,98,1,0.0286313589628021,9.68202299874633e+20,1.59623380606864,0.0925407858441901,1.41485386581403,1.77761374632326
500,99,1,0.035402280972537,1.84379238253525e+23,1.71899574535601,0.0908181569729179,1.54099215768909,1.89699933302293
500,100,1,0.0321601287572165,4367115.48884191,1.75409383877134,0.097609042927742,1.56278011463297,1.94540756290972
500,101,1,0.0499699802022116,4044195.43652725,1.73628851648496,0.106830201954383,1.52690132065437,1.94567571231555
500,102,1,0.0434433692271819,93793.8226463706,1.65718792679756,0.103999088005825,1.45334971430614,1.86102613928897
500,103,1,0.0583912410446001,71192.4300597971,1.46404505839606,0.0869715713376381,1.29358077857429,1.63450933821783
500,104,1,0.0590257701519825,17867512.5464613,1.81840313440919,0.0865697029996556,1.64872651652987,1.98807975228852
500,105,1,0.099193111826386,24232.0580570023,1.56881074200025,0.0720953478036702,1.42750386030506,1.71011762369544
500,106,1,0.0389401570008924,17728775.3504917,1.58580060439627,0.126831808882367,1.33721025898683,1.83439094980571
500,107,1,0.0455390546197359,6920556.59450488,1.58591567409032,0.096610522941599,1.39655904912478,1.77527229905585
500,108,1,0.0654582619369534,2.71480375051791e+23,1.40208221084107,0.0890898751828405,1.2274660554827,1.57669836619943
500,109,1,0.0532133992073256,56973806088807063552,1.69679290230039,0.106795479839293,1.48747376181537,1.9061120427854
500,110,1,0.101724316092569,357669.81304157,1.73695290062174,0.083218816314783,1.57384402064476,1.90006178059871
500,111,1,0.04025601294452,1.39306805680073e+20,1.83656210491599,0.09522654949416,1.64991806790744,2.02320614192455
500,112,1,0.0431514257597159,27383108.6443311,1.60874477964211,0.19865656440442,1.21937791340945,1.99811164587477
500,113,1,0.035648014165812,664261903.633418,1.71604797503409,0.133830580680856,1.45374003689961,1.97835591316856
500,114,1,0.0507755866855565,4.15097797267114e+24,1.46095280072995,0.10847274040689,1.24834622953244,1.67355937192746
500,115,1,0.0301829781161212,6436739.85055728,1.84667193070054,0.0952389620701919,1.66000356504296,2.03334029635812
500,116,1,0.0444207474274377,466714.254167974,1.45238012262326,0.0753982487487746,1.30459955507566,1.60016069017086
500,117,1,0.0415016675402421,60097487.4142607,1.52743838132902,0.079997165291772,1.37064393735715,1.68423282530089
500,118,1,0.0490644835396952,1.53704712723698e+23,1.92160270081382,0.0949770327841893,1.73544771655681,2.10775768507083
500,119,1,0.0416592157491182,78996553.9445298,1.54821420472252,0.310636911835729,0.939365857524495,2.15706255192055
500,120,1,0.0576750662810205,1691644.61219447,2.01265707539973,0.13193416815341,1.75406610581905,2.27124804498042
500,121,1,0.0368369904950858,121239090.185552,1.78744363307975,0.133024381469117,1.52671584540028,2.04817142075922
500,122,1,0.0438878291739557,7832666.90041694,1.80077022909778,0.0913927225340035,1.62164049293113,1.97989996526443
500,123,1,0.0553856317393157,11438871.8374801,1.54285054835972,0.0961937010608784,1.35431089428039,1.73139020243904
500,124,1,0.0412265627400321,9926099.99643523,1.50257423646835,0.0911330859486735,1.32395338800895,1.68119508492775
500,125,1,0.054017518811826,120280.010512119,1.78098891434756,0.136471842843499,1.5135041023743,2.04847372632081
500,126,1,0.0371698451086841,64126402.7182139,1.58864329753802,0.0954023419887257,1.40165470724012,1.77563188783592
500,127,1,0.0442952549710665,26134292.7252981,1.71636190972577,0.100951611987328,1.5184967502306,1.91422706922093
500,128,1,0.0271654682924479,1621968.11847153,1.82173597458067,0.0955354359684981,1.63448652008242,2.00898542907893
500,129,1,0.0373838571386443,1.04152216085784e+20,1.66146925522638,0.0924148261973054,1.48033619587967,1.8426023145731
500,130,1,0.0337279294509406,8176504.70322335,1.48284192450793,0.117994036093401,1.25157361376487,1.714110235251
500,131,1,0.0384602708349074,1415021.55193868,1.56133706887929,0.103836675598483,1.35781718470626,1.76485695305231
500,132,1,0.0636763624092673,1589459.10345102,1.53253795254188,0.0840197606042036,1.36785922175764,1.69721668332612
500,133,1,0.0412916863537523,3.39085608481551e+20,1.73998602605995,0.0908219442775254,1.561975015276,1.9179970368439
500,134,1,0.0385776094580495,1.39173841897168e+22,1.65921907004036,0.103280641209929,1.4567890132689,1.86164912681182
500,135,1,0.026471588030578,357398077.911851,1.65856644253764,0.110019189968739,1.44292883019891,1.87420405487637
500,136,1,0.0934582792352197,1.03971766370239e+22,1.67487464450409,0.112154813499605,1.45505121004486,1.89469807896332
500,137,1,0.045714976686525,370283654659508224,1.87883527010921,0.0828697405972331,1.71641057853863,2.04125996167978
500,138,1,0.030787473169535,11475010.1715166,1.97034203160005,0.0861862207120914,1.80141703900435,2.13926702419575
500,139,1,0.051036727941653,1391123.44103271,1.34019008710187,0.0825888357750532,1.17831596898276,1.50206420522097
500,140,1,0.026938952112598,38945166.5376362,1.7275900492326,0.0915358372435385,1.54817980823527,1.90700029022994
500,141,1,0.0360910187465229,11785881.6792189,1.52636307155989,0.122769872522579,1.28573412141564,1.76699202170415
500,142,1,0.0233263959894193,543408968289.599,1.48188922653528,0.0936285854898631,1.29837719897514,1.66540125409541
500,143,1,0.0381668261081449,5650069.41229034,1.76949397940964,0.125595986970146,1.52332584494816,2.01566211387113
500,144,1,0.027029724766172,31870733.9923988,1.68764468947414,0.102325905542356,1.48708591461112,1.88820346433716
500,145,1,0.0757881099975109,539639.507352145,1.68710989942742,0.0915976764701062,1.50757845354602,1.86664134530883
500,146,1,0.0334211273251991,95250131894428778496,1.56966813584691,0.121897446090877,1.3307491415088,1.80858713018503
500,147,1,0.0522509453335605,97938831.170042,1.41829040438541,0.0853170916029357,1.25106890484365,1.58551190392716
500,148,1,0.0515529331024665,3.97721313014154e+21,1.66216355056267,0.0939117701615682,1.478096481046,1.84623062007935
500,149,1,0.0305297425777729,4220036260.59956,1.96672472695606,0.122315035532444,1.72698725731247,2.20646219659966
500,150,1,0.045463368145928,146004469.874137,1.72812785406596,0.0952056227484605,1.54152483347898,1.91473087465295
500,151,1,0.072316339987847,82473.1500852198,1.67212306649995,0.0844816407408324,1.50653905064792,1.83770708235198
500,152,1,0.0409726216040856,1129030.10327159,1.62958516375507,0.114067134413352,1.4060135803049,1.85315674720524
500,153,1,0.0768871728230811,170837.584670188,1.67672013493257,0.0920951498169067,1.49621364129143,1.85722662857371
500,154,1,0.0621031349393446,86318.5937934765,1.71950328075163,0.0802481490643111,1.56221690858558,1.87678965291768
500,155,1,0.0268904664824209,1.37443929511261e+20,1.62959551106846,0.0985490691849957,1.43643933546587,1.82275168667105
500,156,1,0.0535667048774257,19555221.9944132,1.17187587434228,0.0900989925374318,0.995281848968917,1.34846989971565
500,157,1,0.0792905388892137,3111970.85405264,1.77153142412146,0.0932352253849465,1.58879038236697,1.95427246587596
500,158,1,0.0279768215375057,3903318.64306261,1.9659080201395,0.108500017128234,1.75324798656816,2.17856805371084
500,159,1,0.0259972919679172,8.08981628691518e+20,1.70303677065725,0.0981270704239904,1.51070771262623,1.89536582868827
500,160,1,0.0345015810996469,1164840061.18154,1.82929186588928,0.09142807617211,1.65009283659195,2.00849089518662
500,161,1,0.0561370366157038,26015237.6494249,1.42120893660349,0.0790378328479505,1.26629478422151,1.57612308898547
500,162,1,0.0405309047285054,337050988.916712,1.55891352308929,0.088955299503033,1.38456113606334,1.73326591011523
500,163,1,0.0584055517588654,416841.496206716,1.99806948098043,0.100244440034761,1.8015903785123,2.19454858344857
500,164,1,0.0376407920164234,1.6776659827654e+23,1.40237627893258,0.0894467065296485,1.22706073413446,1.57769182373069
500,165,1,0.0763386120098137,42763.027419048,1.52651291546695,0.0885293714134212,1.35299534749664,1.70003048343725
500,166,1,0.035221280214055,1.80187354154757e+22,2.19668543150302,0.126946046756478,1.94787117986032,2.44549968314572
500,167,1,0.0329457520155896,1.84500347091662e+21,1.52313510152099,0.0842055487813629,1.35809222590951,1.68817797713246
500,168,1,0.0258747021838002,8442049.38815829,1.41220846739015,0.112722844289013,1.19127169258369,1.63314524219662
500,169,1,0.0429282493489514,1.36899948886469e+23,1.7992522589172,0.09475802513725,1.61352652964819,1.98497798818621
500,170,1,0.0398811056917242,169480836.044035,1.92013228057889,0.0897171878412628,1.74428659241001,2.09597796874776
500,171,1,0.0247766388266549,27150896.4465942,1.45755023698464,0.111471764414444,1.23906557873233,1.67603489523695
500,172,1,0.117614233800326,63689.4494781683,1.65038325912262,0.0842016459027573,1.48534803315321,1.81541848509202
500,173,1,0.0329652080091439,22580050.088363,1.63137666413061,0.12421595302216,1.38791339620718,1.87483993205404
500,174,1,0.0460459188671759,16886596.8311868,1.52660500163415,0.126656697027417,1.27835787546041,1.77485212780789
500,175,1,0.0634447894950557,7573617.37217141,1.66522643182611,0.0999700703038838,1.4692850940305,1.86116776962172
500,176,1,0.0539792491447203,5099045868.07883,1.69086086857094,0.0968474066086789,1.50103995161793,1.88068178552395
500,177,1,0.0750967192261443,5.0561381607057e+19,1.37986207444868,0.132625880280726,1.11991534909846,1.63980879979891
500,178,1,0.025001546033816,42667362.4546943,1.66654530164116,0.154600945236372,1.36352744897788,1.96956315430445
500,179,1,0.071020571347322,4.20388666508874e+22,1.49295440221229,0.0781086021640463,1.33986154197076,1.64604726245382
500,180,1,0.0278628559426111,36943042.8361618,1.48310303124896,0.0902155420835425,1.30628056876522,1.6599254937327
500,181,1,0.0273271122044376,30266956.6828227,1.66656181570293,0.0918846833308708,1.48646783637443,1.84665579503144
500,182,1,0.0464631283007878,5065578.99757267,1.55609816146907,0.0873112323260921,1.38496814610993,1.72722817682821
500,183,1,0.039014064233508,5376856959.13665,1.5197544187055,0.0937427708379336,1.33601858786315,1.70349024954785
500,184,1,0.0301091394189712,1.88408157129246e+23,1.45836968302927,0.0800591866102924,1.3014536772731,1.61528568878545
500,185,1,0.0285627155987603,125593143.705831,1.69890746475702,0.0867392563261652,1.52889852235774,1.86891640715631
500,186,1,0.0722936824707261,144956.932925945,1.56886587049755,0.0799047166470421,1.41225262586934,1.72547911512575
500,187,1,0.0477827460951305,1.93436618182223e+23,1.52944463436488,0.110270222964167,1.31331499735512,1.74557427137465
500,188,1,0.0781381243580224,2488737.32914839,1.74549041562068,0.0912944294041713,1.56655333398851,1.92442749725286
500,189,1,0.0693652945445342,86829.6327411834,1.80967499443789,0.088413177657056,1.63638516623006,1.98296482264572
500,190,1,0.0265196817381306,1384774.56755057,1.76719891469795,0.0923654380884287,1.58616265604463,1.94823517335127
500,191,1,0.0339726619176976,1.06540217688133e+21,1.75960183490721,0.11941531113397,1.52554782508463,1.99365584472979
500,192,1,0.062299916727191,651807.574204011,1.74362565862211,0.0845515164891526,1.57790468630337,1.90934663094085
500,193,1,0.044185500153692,28231227.5484387,1.6484571485011,0.0903697826567518,1.47133237449387,1.82558192250834
500,194,1,0.0582633781765541,20076.5428431463,1.43870975071174,0.0819960416873823,1.27799750900447,1.59942199241901
500,195,1,0.030246219263744,3.23014464208851e+21,1.58548054151417,0.164780073396153,1.26251159765772,1.90844948537063
500,196,1,0.0430788460545169,3774369892.94721,1.63910965109286,0.216226343161529,1.21530601849627,2.06291328368946
500,197,1,0.0461537052814204,133453632.626141,1.59450590519362,0.079613730281731,1.43846299384143,1.75054881654582
500,198,1,0.0470831395631379,11177609.155592,1.65232105641758,0.121133518512932,1.41489936013223,1.88974275270292
500,199,1,0.0254274710336366,3.98646464316602e+23,1.65965220466268,0.0935893575290874,1.47621706390567,1.84308734541969
500,200,1,0.039858484867969,566939841.944041,1.63533814160329,0.0918463463574261,1.45531930274273,1.81535698046384
1000,1,1,0.0370044310982497,220189.598991267,1.67367733708319,0.0772274049069106,1.52231162346564,1.82504305070073
1000,2,1,0.0272590329763768,3435791.05084447,1.78445590509172,0.0727920595791742,1.64178346831654,1.9271283418669
1000,3,1,0.0320915883689702,12079566.3271824,1.50084640772975,0.0593311738723972,1.38455730693986,1.61713550851965
1000,4,1,0.0327523533978053,19582984.5025175,1.84157950353426,0.0620881433662983,1.71988674253631,1.9632722645322
1000,5,1,0.0254535946257099,45560483.7255345,1.72081256043405,0.0729676037099345,1.57779605716258,1.86382906370552
1000,6,1,0.026068695460046,7606428.61267521,1.69487546109335,0.0648489011977354,1.56777161474579,1.82197930744091
1000,7,1,0.0260571129904217,4606203.03884124,1.54602047933932,0.071992381189568,1.40491541220776,1.68712554647087
1000,8,1,0.0259418257644006,6258972.77439622,1.85057046862528,0.0601458972990201,1.7326845099192,1.96845642733136
1000,9,1,0.0254333916344808,34717153.3588562,1.60755137953093,0.0609636464981038,1.48806263239465,1.72704012666721
1000,10,1,0.041458861266543,41734015.710471,1.6700449508285,0.0769885990727408,1.51914729664593,1.82094260501107
1000,11,1,0.0311918308859651,3936470.85036363,1.72845817643085,0.0669184117668521,1.59729808936782,1.85961826349388
1000,12,1,0.0287614837324361,2895763615.59048,1.68290854454564,0.0652194047561863,1.55507851122352,1.81073857786776
1000,13,1,0.0377489241827684,1056389.64368229,1.75322451836315,0.0634072432980233,1.62894632149902,1.87750271522728
1000,14,1,0.0263060510544707,47791280.1479131,1.5965084546637,0.0632418131650865,1.47255450086013,1.72046240846727
1000,15,1,0.0340433872585535,21805797.4450665,1.6503489644108,0.0588555997512329,1.53499198889839,1.76570593992322
1000,16,1,0.0367185819858472,17541454.6221602,1.77507256579213,0.0712766593011833,1.63537031356181,1.91477481802245
1000,17,1,0.0336649300800536,20352457.7906314,1.71246484867214,0.065589586891045,1.58390925836569,1.84102043897859
1000,18,1,0.0253144281321729,5.84907442486948e+38,1.61602481486906,0.0707550328092001,1.47734495056303,1.7547046791751
1000,19,1,0.0396767770605898,946957.206991159,1.90118528523804,0.0673647824697265,1.76915031159738,2.03322025887871
1000,20,1,0.0589930197803833,1233738.39946475,1.53213057130825,0.0679626413117529,1.39892379433721,1.66533734827929
1000,21,1,0.0278891829101563,33832365.0893045,1.51402568355619,0.058295173367133,1.39976714375661,1.62828422335577
1000,22,1,0.0283430809042053,3235017476.24035,1.62167846852651,0.0594172154369754,1.50522072627004,1.73813621078298
1000,23,1,0.02435275605037,23237948.1368026,1.59984339000381,0.0707131738261014,1.46124556930465,1.73844121070297
1000,24,1,0.0248451704978839,5.17427834744949e+23,1.39039858424913,0.0671688497980749,1.2587476386449,1.52204952985336
1000,25,1,0.0256078342287363,1.54066354944061e+21,1.6494310643842,0.0700026013536651,1.51222596573102,1.78663616303738
1000,26,1,0.0260442056915286,3.34077558866959e+23,1.38976137701773,0.0546939510744339,1.28256123291184,1.49696152112362
1000,27,1,0.0368211171121335,634130938.601513,1.5580466001309,0.067262731617712,1.42621164616018,1.68988155410161
1000,28,1,0.0643970633336898,181051.146151516,1.62638966528292,0.0635341546810628,1.50186272210803,1.7509166084578
1000,29,1,0.0260026573177662,205533310.903373,1.37970577794457,0.0644936541200659,1.25329821586924,1.5061133400199
1000,30,1,0.025475042187922,150985256.546996,1.73189727776037,0.0683597157255926,1.59791223493821,1.86588232058254
1000,31,1,0.0263910834025943,59250258.4603182,1.70973405738847,0.0678292830536041,1.57678866260341,1.84267945217354
1000,32,1,0.0369250643939131,67319000.6501822,1.66921218831559,0.109684085567032,1.45423138060421,1.88419299602697
1000,33,1,0.0505830158716686,8.5625264012336e+20,1.54940826406559,0.0598155440558766,1.43216979771607,1.66664673041511
1000,34,1,0.027399105106035,61439809.6890951,1.68737377937069,0.094778239974902,1.50160842901989,1.8731391297215
1000,35,1,0.0245829708864819,34801824.0443089,1.59481284935204,0.0880484966241178,1.42223779596877,1.76738790273531
1000,36,1,0.0371733962730505,2400509.21642804,1.60981100337017,0.071262894129017,1.47013573087729,1.74948627586304
1000,37,1,0.0324057128736357,75556652.2549688,1.64660820899832,0.0573619246902883,1.53417883660535,1.75903758139128
1000,38,1,0.0279832667741997,35213814.7400144,1.66230798340943,0.0608348002837801,1.54307177485322,1.78154419196564
1000,39,1,0.0267482661702283,4.41817101569502e+21,1.50305097582062,0.0905736814706524,1.32552656013814,1.6805753915031
1000,40,1,0.0283195174985869,22415904.3327971,1.86965846469258,0.0800194446405399,1.71282035319712,2.02649657618804
1000,41,1,0.0268254698019407,3938753.81026583,1.5861608302262,0.0770557431407443,1.43513157367034,1.73719008678206
1000,42,1,0.0262963275448434,38013539.2183386,1.60300826364953,0.071164676139075,1.46352549841694,1.74249102888211
1000,43,1,0.0414824069044284,56900957.0095981,1.6731170375598,0.0736913805456096,1.5286819316904,1.81755214342919
1000,44,1,0.0254619729581535,70369065189569757184,0.00553424089392606,0.170428627500326,-0.328505869006713,0.339574350794566
1000,45,1,0.0253747540295653,9430186.72208556,1.42951160387027,0.0755825451830661,1.28136981531146,1.57765339242908
1000,46,1,0.0293633091819794,11672494.5461174,1.86765190481906,0.0737147999894818,1.72317089683968,2.01213291279845
1000,47,1,0.0331920790512224,5.90555387302532e+22,1.5990190140853,0.0796599955298556,1.44288542284678,1.75515260532382
1000,48,1,0.0486685173046076,276208.136332202,1.66508633126519,0.0649199586248706,1.53784321236045,1.79232945016994
1000,49,1,0.0251827018397165,7815680.16919569,1.72117303851818,0.066594131964115,1.59064853986852,1.85169753716785
1000,50,1,0.0254207303367257,10651375.0149812,1.61349291064353,0.0706453610871599,1.4750280029127,1.75195781837437
1000,51,1,0.036976564312932,14252428.6150838,1.51446601513239,0.134609463853857,1.25063146597883,1.77830056428595
1000,52,1,0.0281684611242069,2.21501143717827e+23,2.24362109742888,0.079825450839974,2.08716321378253,2.40007898107522
1000,53,1,0.0265936760815035,2159859.67418027,1.41829467515454,0.0695265959304962,1.28202254713077,1.55456680317831
1000,54,1,0.0393922344826431,1.77251685953497e+20,1.61527664049982,0.0682774171886099,1.48145290281015,1.7491003781895
1000,55,1,0.0425198830058784,6415566.02432759,1.69028818432058,0.0631397443723812,1.56653428535071,1.81404208329045
1000,56,1,0.0266071390074282,11422552.1779277,1.61936321884133,0.0720991756996185,1.47804883447008,1.76067760321258
1000,57,1,0.0263716757809152,109823642.402401,1.7370279416841,0.0625314084152769,1.61446638119016,1.85958950217805
1000,58,1,0.0270311420806891,167494971.735098,1.65685145391107,0.0644258545851354,1.5305767789242,1.78312612889793
1000,59,1,0.0334688311770124,16240489.3545544,1.83189240841929,0.0744127676280759,1.68604338386826,1.97774143297032
1000,60,1,0.0321685325937521,2099458.4361656,1.77237211622991,0.0603525146291812,1.65408118755671,1.8906630449031
1000,61,1,0.0394651218066335,30627950.2684768,1.65608095877644,0.0681008265811388,1.52260333867741,1.78955857887547
1000,62,1,0.0254149010590915,3.22122150755286e+23,1.64422120133329,0.0805454621749494,1.48635209547039,1.80209030719619
1000,63,1,0.0425522650343188,7199138.56940696,1.64171692440128,0.0600169132206762,1.52408377448875,1.7593500743138
1000,64,1,0.0255796427025516,278190163.738042,1.61376701628841,0.0805002079471482,1.455986608712,1.77154742386482
1000,65,1,0.0268678414336963,22499814.0340415,1.82250883015748,0.0692278253242293,1.686822292522,1.95819536779297
1000,66,1,0.0254483430594838,47563573.6595255,1.49350500262334,0.0755892703000899,1.34535003283517,1.64165997241152
1000,67,1,0.0250124496627846,22780905.7304491,1.7365565145895,0.0721660651542229,1.59511102688722,1.87800200229178
1000,68,1,0.0267974557645436,1.60446264404026e+23,1.61186992313751,0.0629590409916704,1.48847020279384,1.73526964348119
1000,69,1,0.0259814863859212,19763198.5329903,1.78192170025552,0.0621933501598198,1.66002273394227,1.90382066656876
1000,70,1,0.025295667264022,119556791.978149,1.57306743917666,0.0737889759238353,1.42844104636594,1.71769383198738
1000,71,1,0.0359547572066456,7166952.00869308,1.6333021183318,0.061199232142991,1.51335162333154,1.75325261333206
1000,72,1,0.0259091539030586,426035842.303994,1.55905367749804,0.0953240877159304,1.37221846557482,1.74588888942126
1000,73,1,0.0255483537320041,12899656.8348934,1.60404820479436,0.0690722581706876,1.46866657877981,1.73942983080891
1000,74,1,0.0253896044506385,36600347.6322146,1.8870138483226,0.0678583658155552,1.75401145132411,2.02001624532109
1000,75,1,0.0569665856387864,282366.482878586,1.61546450976951,0.0666821113407721,1.4847675715416,1.74616144799742
1000,76,1,0.0388562022161531,890397.521509297,1.74986596311293,0.0772394767242537,1.59847658873339,1.90125533749247
1000,77,1,0.0313382795454472,40899010.8834163,1.78610356614076,0.0624577841605625,1.66368630918606,1.90852082309547
1000,78,1,0.0267092183813806,67688457.6934036,1.74080399939298,0.0672316396479222,1.60902998568305,1.87257801310291
1000,79,1,0.0267112728465203,5.34069375390035e+22,1.67577079962217,0.0755386926661513,1.52771496199652,1.82382663724783
1000,80,1,0.0273296101552797,935272894.480927,1.6501691709141,0.065438516289544,1.52190967898659,1.7784286628416
1000,81,1,0.0254600405745026,3.387338148801e+22,1.75805155717889,0.0705172780332619,1.6198376922337,1.89626542212409
1000,82,1,0.03107162171413,4875526.24725525,1.8022005424535,0.0645702433743159,1.67564286543984,1.92875821946716
1000,83,1,0.0273775680540192,32800325.7125966,1.79085114629086,0.0767905001278827,1.64034176604021,1.94136052654151
1000,84,1,0.0256293226782059,14034704.4638101,1.59875014298087,0.0699321652340508,1.46168309912213,1.73581718683961
1000,85,1,0.0286949884746283,28229812.5246724,1.73972787638866,0.085618824462342,1.57191498044247,1.90754077233485
1000,86,1,0.0268572451152346,327573928.339162,1.60470815228544,0.0665292467833454,1.47431082859009,1.7351054759808
1000,87,1,0.028380358761977,1.45714178695596e+23,1.77946059796946,0.0904973170655865,1.60208585652091,1.956835339418
1000,88,1,0.0254260756975837,18452597.8946978,1.57373989076768,0.0631902060993091,1.44988708681303,1.69759269472233
1000,89,1,0.0325450792340406,2513339.70617253,1.5876698984074,0.0663101296766119,1.45770204424124,1.71763775257356
1000,90,1,0.0257886187433299,6.9969369100827e+23,1.74160780520371,0.0862304007472305,1.57259621973914,1.91061939066828
1000,91,1,0.0258217509761543,60066677.829218,1.89340128700702,0.0742743981294889,1.74782346667322,2.03897910734081
1000,92,1,0.0308485919548577,1472268.66060101,1.84947470306722,0.0627180550287189,1.72654731521093,1.97240209092351
1000,93,1,0.0247096792858351,6448768.10411374,1.56339215922314,0.0889460592208017,1.38905788315037,1.73772643529591
1000,94,1,0.0252175886652479,34443130.7138,1.69435124665168,0.0650468129617327,1.56685949324668,1.82184300005667
1000,95,1,0.0268260201279407,1.79614939663736e+20,1.64690237524972,0.0733933718731833,1.50305136637828,1.79075338412116
1000,96,1,0.0289219213877106,32198976.3441134,1.74738484383614,0.064094628439034,1.62175937209564,1.87301031557665
1000,97,1,0.0266107786914432,47085477.9682828,1.60512109474741,0.0839594463239312,1.44056057995251,1.76968160954232
1000,98,1,0.0274877662824411,3.29423658586675e+22,1.76972005717106,0.0642198157514601,1.6438492182982,1.89559089604393
1000,99,1,0.0260608036634471,20799730.929884,1.61988632906663,0.0633857793698747,1.49565020150167,1.74412245663158
1000,100,1,0.0267026879172243,51612219230856830976,1.65697097553956,0.0668948269592654,1.5258571146994,1.78808483637972
1000,101,1,0.0254618556622559,26290865.6425306,1.15762864480364,0.0664613166884871,1.0273644640942,1.28789282551307
1000,102,1,0.0302742006586743,81870215.8659903,1.74593969149123,0.0581250707750559,1.63201455277212,1.85986483021034
1000,103,1,0.0259239161448066,1271035946.06727,1.59935966925049,0.0599131661050144,1.48192986368466,1.71678947481632
1000,104,1,0.0412117846396065,10926739.1750938,1.67522173989119,0.0693068254252055,1.53938036205778,1.81106311772459
1000,105,1,0.0291881455047014,17960656.7033915,1.62079393953441,0.0704471937767723,1.48271743973194,1.75887043933689
1000,106,1,0.0249831035095367,55297376.2184682,1.651520235805,0.0551585408140564,1.54340949580945,1.75963097580055
1000,107,1,0.0247798309516217,26743646.4065089,1.76870471524189,0.0728330777778264,1.62595188279735,1.91145754768643
1000,108,1,0.0263545737603957,43395146.7506769,1.71211005481309,0.0638705266477734,1.58692382258346,1.83729628704273
1000,109,1,0.0310997816008784,2.81344797988456e+20,1.65009941562551,0.0755118160581106,1.50209625615161,1.7981025750994
1000,110,1,0.0265925096854541,47734037.9922451,1.94108802733799,0.0647177980145761,1.81424114322942,2.06793491144655
1000,111,1,0.0270758734616989,2482280262.23593,1.61748413681683,0.0827971072551683,1.4552018065967,1.77976646703696
1000,112,1,0.0253789804129145,55858975.2091719,1.5317862603408,0.0626788792200317,1.40893565706954,1.65463686361207
1000,113,1,0.0277899384623499,2056697.95059915,1.62818394026852,0.0676977149091228,1.49549641904664,1.7608714614904
1000,114,1,0.0257016843846761,6.18719344935794e+20,1.59771915848916,0.0815492428685445,1.43788264246681,1.75755567451151
1000,115,1,0.0265600663178777,83390173.3452854,1.62463941248504,0.0648019024919312,1.49762768360085,1.75165114136922
1000,116,1,0.0255352310447263,161779584.975705,1.67565238016485,0.0627450069023482,1.55267216663625,1.79863259369345
1000,117,1,0.0248588048009864,27179580.75124,1.94868409293639,0.0624072871386783,1.82636581014458,2.0710023757282
1000,118,1,0.0259605444364247,35125424.2852481,1.66362863176058,0.0617908869746282,1.54251849329031,1.78473877023085
1000,119,1,0.0259813624529307,1.76529423773767e+24,1.81408599231376,0.0734170820569191,1.6701885114822,1.95798347314532
1000,120,1,0.0295157249467499,4.15533034951878e+22,1.72794649017856,0.0774515671011973,1.57614141866021,1.87975156169691
1000,121,1,0.0290214120319095,5318293.08426672,1.80229901876103,0.0714191378014606,1.66231750867017,1.94228052885189
1000,122,1,0.0300877501560518,1038312.90011623,1.7029575321582,0.203441736143128,1.30421172931767,2.10170333499873
1000,123,1,0.0461813931214625,318369.69648085,1.61156336078997,0.0666573946633814,1.48091486724974,1.74221185433019
1000,124,1,0.0294054089934536,5083703.02427099,1.66788986590181,0.0716443210519072,1.52746699664007,1.80831273516354
1000,125,1,0.033045808180598,6792022.71024539,1.65343735665259,0.0659921686235438,1.52409270615044,1.78278200715473
1000,126,1,0.0256271558354424,999301.791816985,1.73290716089032,0.0668926730852277,1.60179752164327,1.86401680013737
1000,127,1,0.0292229934075567,1.23189594831258e+26,2.01911294645415,0.0683324639231867,1.8851813171647,2.1530445757436
1000,128,1,0.0262478663608126,64987984.2384966,1.61623263837277,0.0701893525065976,1.47866150745984,1.7538037692857
1000,129,1,0.0258204996571968,1872555.58222934,1.58381178814843,0.0751102120981816,1.43659577243599,1.73102780386087
1000,130,1,0.0249515953763166,26129082.2446208,1.74014049549862,0.0673796317148758,1.60807641733746,1.87220457365978
1000,131,1,0.0266759919893112,455921676.837436,1.62693181933548,0.0751777038870748,1.47958351971682,1.77428011895415
1000,132,1,0.0267845845814343,4.32198662287194e+21,1.81654927474331,0.0826589028911619,1.65453782507664,1.97856072440999
1000,133,1,0.0358429214383575,1530353.09647222,1.83462974798526,0.0749086962048217,1.68780870342381,1.98145079254671
1000,134,1,0.0265528894345614,5107340481754.96,1.61614564580659,0.0751941952086679,1.4687650231976,1.76352626841558
1000,135,1,0.0258519550306137,2682762.45120555,1.64670994160348,0.123022847733521,1.40558516004578,1.88783472316118
1000,136,1,0.0258004895665614,52211559.6279909,1.8074310824809,0.0721632318331324,1.66599114808796,1.94887101687384
1000,137,1,0.0331925280111445,11023421.5387377,1.701024600641,0.0648574874287371,1.57390392528067,1.82814527600132
1000,138,1,0.0360048542512122,7022678.87259588,1.46616911440019,0.0593235336731616,1.34989498840079,1.58244324039958
1000,139,1,0.0268493130531186,48335554.6554004,1.52105772048119,0.0702667753430315,1.38333484080885,1.65878060015354
1000,140,1,0.0251591318005245,78781630.771747,1.91651077194477,0.0713220525865835,1.77671954887507,2.05630199501447
1000,141,1,0.0360109244637157,168936790.628782,1.62577198165323,0.0598929537739131,1.50838179225636,1.7431621710501
1000,142,1,0.0346239584386815,241231303.300104,1.9662375759585,0.0674039143168467,1.83412590389748,2.09834924801952
1000,143,1,0.0258504334617311,68552820.4329918,1.91729149240042,0.064392428624509,1.79108233229638,2.04350065250446
1000,144,1,0.0284480253755074,6.38908143033801e+26,1.59398925845559,0.0648161202203788,1.46694966282364,1.72102885408753
1000,145,1,0.03012061915531,2.81263185490935e+20,1.6552890266818,0.0771638746619936,1.50404783234429,1.8065302210193
1000,146,1,0.027251820828528,133767702.187029,1.34385160359199,0.070482987107613,1.20570494886107,1.48199825832291
1000,147,1,0.0270189717470998,11988470.9797414,1.75329942021776,0.0707353059180854,1.61465822061831,1.89194061981721
1000,148,1,0.027085138258477,1954211.43869817,1.79902267642522,0.089020696626491,1.6245421110373,1.97350324181314
1000,149,1,0.0378510033307208,38607246.4111464,1.82601389405325,0.0676609458809606,1.69339844012657,1.95862934797993
1000,150,1,0.0244628986374259,276004018.564161,1.90584743905547,0.0673086645641056,1.77392245650983,2.03777242160112
1000,151,1,0.0259394240575585,147243162.499171,1.61215154365744,0.0614190946166965,1.49177011820872,1.73253296910617
1000,152,1,0.0391152413701184,2720402.14611715,1.80031717011048,0.0672232986976418,1.66855950466311,1.93207483555786
1000,153,1,0.0392503997048046,2066381.38747832,1.78307511361593,0.0807952827947069,1.6247163593383,1.94143386789355
1000,154,1,0.0265126291407364,24214271.2327664,1.70659447839004,0.0749579368188484,1.55967692222509,1.85351203455498
1000,155,1,0.0254285475355917,18875010.1358852,1.68946339857345,0.0715792004825213,1.54916816562771,1.82975863151919
1000,156,1,0.02447772053078,93257110.5067415,1.77800702577445,0.0656727703759304,1.64928839583762,1.90672565571127
1000,157,1,0.0299056110354797,36800416.5398758,1.80763457172032,0.0695044026902772,1.67140594244737,1.94386320099326
1000,158,1,0.0255776292360384,54233439.0365285,1.89437662838044,0.0687718537755856,1.75958379498029,2.02916946178059
1000,159,1,0.0257778300444282,3852174.22055269,1.69878969286554,0.0666788660294074,1.5680991154479,1.82948027028318
1000,160,1,0.0271303635605002,27274456.0248537,1.74626719289447,0.0687862358169703,1.6114461706932,1.88108821509573
1000,161,1,0.0256190618989961,221674725.782906,1.42026414355019,0.0655449334112317,1.29179607406418,1.54873221303621
1000,162,1,0.0342413785370593,957251.659499983,1.72147476642644,0.0641608510906274,1.59571949828881,1.84723003456407
1000,163,1,0.0284352180660923,1845588.2812353,1.56797940137188,0.0660606133609013,1.43850059918452,1.69745820355925
1000,164,1,0.0312531389860912,4546790.39064296,1.7347016820003,0.0625467509743498,1.61211005009058,1.85729331391003
1000,165,1,0.0299238683927079,10945846.8930304,1.78627076763371,0.0703178855182501,1.64844771201794,1.92409382324948
1000,166,1,0.0346091544928934,5766885.93539733,1.59749699554169,0.0638854487520411,1.47228151598769,1.72271247509569
1000,167,1,0.026850631390584,2.33135822638047e+23,1.81948721892671,0.0649328656377967,1.69221880227663,1.94675563557679
1000,168,1,0.0659533008748436,150148.22752968,1.78333520021057,0.0616930980540218,1.66241672802469,1.90425367239646
1000,169,1,0.0366399041682098,182306.309814519,1.60514532243666,0.0829452319017172,1.4425726679093,1.76771797696403
1000,170,1,0.0357454890859317,51305861.944494,1.75965561195256,0.0684579586259654,1.62547801304567,1.89383321085945
1000,171,1,0.0259091758269917,60006385.3640798,1.82783194211244,0.0722159759312006,1.68628862928729,1.9693752549376
1000,172,1,0.0268153185598931,116515240.125294,1.70775707198374,0.187380569864306,1.3404911550497,2.07502298891778
1000,173,1,0.03000518681818,404838.127623105,2.04035899958598,0.0684395411750899,1.90621749888281,2.17450050028916
1000,174,1,0.0264668347795744,415241623.542421,1.80082604621513,0.0665613336083533,1.67036583234275,1.9312862600875
1000,175,1,0.0246010141683625,9990593.54108545,1.65220507931534,0.0690770976973067,1.51681396782862,1.78759619080206
1000,176,1,0.0271552840330942,1532406.51955595,1.61535374002049,0.0615173073501035,1.49477981761429,1.73592766242669
1000,177,1,0.0259473508548582,59636415.2477832,1.51571545659569,0.0802375477184603,1.35844986306751,1.67298105012387
1000,178,1,0.0253061575604129,39947658.094794,1.65048465270015,0.10282977606095,1.44893829162068,1.85203101377961
1000,179,1,0.0268129789884401,4092021.60247504,1.64869510993052,0.0692783100144171,1.51290962230226,1.78448059755877
1000,180,1,0.0263499397657398,76408854.9376442,1.79630567982895,0.0696583325360597,1.65977534805827,1.93283601159963
1000,181,1,0.0313856483097014,435354.179184922,1.58127598752277,0.0668890257790031,1.45017349699592,1.71237847804962
1000,182,1,0.0426315935944133,299759285.17386,1.70242867233048,0.0893743857939127,1.52725487617441,1.87760246848655
1000,183,1,0.0248302601274131,22839079.9339544,1.62450491128909,0.0920976436210648,1.4439935297918,1.80501629278638
1000,184,1,0.0277229771785534,3157857086.73287,1.7497239515593,0.0716549504417044,1.60928024869356,1.89016765442504
1000,185,1,0.0262715759289922,47608400.8500735,1.80135541093738,0.0649455870363906,1.67406206034606,1.92864876152871
1000,186,1,0.0294489633891853,2213960.59868538,1.67819145846508,0.0705722135548075,1.53986991989766,1.8165129970325
1000,187,1,0.0281845537766746,225984764.095225,1.71010484391595,0.0848527857886243,1.54379338377025,1.87641630406166
1000,188,1,0.0276308729786239,68153100.2167126,1.63590661288441,0.0751721138384779,1.48856926976099,1.78324395600783
1000,189,1,0.0272212228390651,2.02048723935779e+20,1.652445984565,0.0637599901900235,1.52747640379255,1.77741556533744
1000,190,1,0.0259500946454594,61881311.5219897,1.69873345519365,0.0772472267637842,1.54732889073663,1.85013801965066
1000,191,1,0.0270728385208144,345401.855922201,1.75967677559018,0.0596826790295377,1.64269872469229,1.87665482648808
1000,192,1,0.0276701377188298,8713962.37094308,1.72987756486596,0.0644587245950944,1.60353846465958,1.85621666507235
1000,193,1,0.0247285887490361,21109949.1343368,1.56792612664909,0.060778838747331,1.44879960270432,1.68705265059386
1000,194,1,0.0272552379340837,7876718889.56546,1.69694445348118,0.0689503892188324,1.56180169061227,1.83208721635009
1000,195,1,0.0417329796473124,49940235.4695274,1.66787762459132,0.0611627559172716,1.54799862299347,1.78775662618917
1000,196,1,0.0251627281443038,72159632.0282866,1.83718456012398,0.0676372102736993,1.70461562798753,1.96975349226043
1000,197,1,0.0329444867373296,1.02994699921615e+20,1.95623205185635,0.0676939389394771,1.82355193153497,2.08891217217772
1000,198,1,0.0589887978748069,236686.148440155,1.71462273491961,0.0694111716506405,1.57857683848436,1.85066863135487
1000,199,1,0.0269763301459401,15471227.9152197,1.6635103423092,0.0632602141470217,1.53952032258104,1.78750036203736
1000,200,1,0.0268564523390018,10499748.6300687,1.54709302921073,0.0813258783950061,1.38769430755652,1.70649175086494
1500,1,1,0.0241227207685396,3.20381007934739e+20,1.77814383196809,0.059660755033075,1.66120875210326,1.89507891183292
1500,2,1,0.0277818898922582,1943868.57879646,1.92804917832018,0.0560706892784482,1.81815062733442,2.03794772930594
1500,3,1,0.0250599789348454,2948684966.03106,1.4760051031984,0.0558929377423353,1.36645494522343,1.58555526117338
1500,4,1,0.0249379003561828,56997811.7377385,1.59288187854626,0.0511876666083366,1.49255405199392,1.6932097050986
1500,5,1,0.0251364898932898,40716675.2574821,1.76342076928827,0.0519595538321983,1.66158004377716,1.86526149479938
1500,6,1,0.0295005200130323,4.95422027582852e+23,1.81097145175722,0.0571797034207209,1.69889923305261,1.92304367046183
1500,7,1,0.0247621087712028,2751612422.56314,1.74294551552581,0.0620350920635323,1.62135673508128,1.86453429597033
1500,8,1,0.0246249805438736,5795207.479856,1.78054928251731,0.0541949707922193,1.67432713976456,1.88677142527006
1500,9,1,0.0242378165403042,160227792.283522,1.62233715671391,0.0576396583132235,1.50936342641999,1.73531088700783
1500,10,1,0.0317156666302691,2999917.78245437,1.75820770109997,0.0555087896518477,1.64941047338235,1.86700492881759
1500,11,1,0.0245152970795997,351289694.643994,1.77851690842378,0.0576036870054416,1.66561368189312,1.89142013495445
1500,12,1,0.0242464917059087,66547012.2625398,1.65108037191158,0.0533699197285856,1.54647532924355,1.75568541457961
1500,13,1,0.0253908702933017,41571611.4142941,1.81608188634103,0.0771837733563582,1.66480169056256,1.96736208211949
1500,14,1,0.0249474170346216,44933409.2404592,1.81972654984549,0.0533162330339924,1.71522673309887,1.92422636659212
1500,15,1,0.0253712415467176,58513909.5802328,1.58084441162686,0.0529706956839251,1.47702184808637,1.68466697516736
1500,16,1,0.0259180819554465,337373686.66453,1.79224214360874,0.0525218773139212,1.68929926407345,1.89518502314403
1500,17,1,0.0403959761957287,21371647.5787355,1.74387524859351,0.0555325579437003,1.63503143502386,1.85271906216316
1500,18,1,0.0294062331790222,4.98170950027646e+20,1.81407523477601,0.0632324533104988,1.69013962628743,1.93801084326458
1500,19,1,0.0250229680636236,37009896.7690044,1.74684885417757,0.0516942965085817,1.64552803302075,1.84816967533439
1500,20,1,0.0260655986230466,25331676.6972628,1.71885217766838,0.0485072801632791,1.62377790854835,1.8139264467884
1500,21,1,0.0107055966289083,7.17633470116483e+23,1.64800808247818,0.0578511452156893,1.53461983785542,1.76139632710093
1500,22,1,0.0144300720414219,117656031.563119,1.5816195164523,0.0700415573055697,1.44433806413338,1.71890096877121
1500,23,1,0.0274595804690167,407503166.599062,1.79515024641747,0.0528939253301198,1.69147815277044,1.89882234006451
1500,24,1,0.0142186535076513,5.6784420254528e+20,1.53424195810665,0.0607088068529512,1.41525269667486,1.65323121953843
1500,25,1,0.0283585627464066,57004273.1181293,1.87247456543401,0.0599283477018435,1.7550150039384,1.98993412692962
1500,26,1,0.0256029555738622,43889525.6862663,1.53100591782817,0.0501921294905582,1.43262934402668,1.62938249162967
1500,27,1,0.0238973176432384,53417953.5563307,1.69225260507689,0.0508906731746643,1.59250688565455,1.79199832449923
1500,28,1,0.0232916743240495,62989704.5153209,1.74890320638825,0.0616554242081524,1.62805857494027,1.86974783783622
1500,29,1,0.0249384170737753,221288455.28596,1.67364279761756,0.0600968220086201,1.55585302648066,1.79143256875446
1500,30,1,0.0239032163550624,247781367.154834,1.68276569105583,0.0547316505469206,1.57549165598386,1.79003972612779
1500,31,1,0.0098755337482171,399567264.236432,1.65081858207025,0.0706373133275565,1.51236944794824,1.78926771619226
1500,32,1,0.0258074340017021,173135363.161955,1.79219118028446,0.0525473179249159,1.68919843715163,1.8951839234173
1500,33,1,0.0256493316027859,39693476.3282117,1.61978003778909,0.0565411253542884,1.50895943209468,1.73060064348349
1500,34,1,0.0248758464346144,141530.354819767,1.74494718763283,0.0510335545133346,1.64492142078669,1.84497295447896
1500,35,1,0.0251790220181012,2928579.53770293,1.85415341643787,0.0592363463996508,1.73805017749456,1.97025665538119
1500,36,1,0.0249480568170303,2078527.57340578,1.74668392984132,0.048048138060075,1.65250957924357,1.84085828043907
1500,37,1,0.0243916216728386,56974202.4286248,1.63987408096931,0.0602002180027602,1.5218816536839,1.75786650825472
1500,38,1,0.01445634097572,61671523.7901304,1.50268553471348,0.0631594896246906,1.37889293504909,1.62647813437788
1500,39,1,0.0302027791294653,58523354.1180537,1.50189755426228,0.050544747282952,1.40282984958769,1.60096525893687
1500,40,1,0.0247816700807724,12979120.3405161,1.83253191934326,0.0551661551085716,1.72440625533046,1.94065758335606
1500,41,1,0.0284963292903063,2.03348579827084e+21,1.70365095875324,0.0491333268220382,1.60734963818205,1.79995227932444
1500,42,1,0.0238741083803359,30532113.7718578,1.72840095162505,0.0565584656609737,1.61754635892955,1.83925554432056
1500,43,1,0.0240641457675116,55848490.192206,1.7482226689873,0.0495657135141109,1.65107387049964,1.84537146747496
1500,44,1,0.025267354267139,6.93188966303934e+23,1.60154024523563,0.0571885761522042,1.48945063597731,1.71362985449395
1500,45,1,0.0251113879304974,436442472.659499,1.80083034663589,0.0554253327685182,1.69219669440959,1.90946399886219
1500,46,1,0.0316618337966901,101541.541249196,1.74670731438955,0.0520023280698771,1.64478275137259,1.84863187740651
1500,47,1,0.0240457685509539,14411801.9980732,1.48272480690969,0.0551891803482666,1.37455401342709,1.59089560039229
1500,48,1,0.0251294560832148,82140032.7393961,1.59735161143108,0.140490186667293,1.32199084556319,1.87271237729898
1500,49,1,0.0240195841443844,41623961.9796384,1.80614598478369,0.0582589257818164,1.69195849025133,1.92033347931605
1500,50,1,0.0254988599888252,17760444.3085778,1.63125815764217,0.0512957847645948,1.53071841950356,1.73179789578078
1500,51,1,0.0255232490225357,16534417.7820753,1.70288278504841,0.0521265797173382,1.60071468880243,1.80505088129439
1500,52,1,0.0232472795249335,78713188.7142719,1.472829263433,0.0530167304040828,1.368916471841,1.576742055025
1500,53,1,0.0244416877782311,2.31243102284059e+23,1.72838045518648,0.0526330159477153,1.62521974392896,1.831541166444
1500,54,1,0.0232379487143911,627594846.547726,1.6365500387021,0.0497259657851946,1.53908714576312,1.73401293164108
1500,55,1,0.0255040824285232,1153952.61049662,1.8799473260478,0.0544256002545412,1.7732731495489,1.9866215025467
1500,56,1,0.0247827895445315,4792495.8214191,1.63847560614386,0.0614217594032276,1.51808895771353,1.75886225457418
1500,57,1,0.0248948322190528,4779634.19489128,1.81178101155236,0.06685909776503,1.6807371799329,1.94282484317182
1500,58,1,0.014646397268208,318377719.378771,1.58910757081694,0.0641789598697944,1.46331680947214,1.71489833216173
1500,59,1,0.0242682807425745,6268965801.17252,2.0049264777512,0.0559592684176604,1.89524631165259,2.11460664384982
1500,60,1,0.0159099469322993,64983756.669151,1.59007649663011,0.0555884043344549,1.48112322413457,1.69902976912564
1500,61,1,0.0243535247576747,18812186.4306487,1.75430020682322,0.0513599269559024,1.65363474998965,1.85496566365679
1500,62,1,0.0250986638317253,138667034.504122,1.68261319643068,0.0588900190054228,1.56718875918006,1.79803763368131
1500,63,1,0.0121891324849006,236131031.868012,1.58254791848731,0.0693732687418578,1.44657631175327,1.71851952522135
1500,64,1,0.0245772604655143,3.35216842475565e+24,1.4907609322881,0.0602145326933485,1.37274044820914,1.60878141636707
1500,65,1,0.0368989964821721,94523.5185812003,1.95773495442165,0.0531540404019181,1.85355303523389,2.06191687360941
1500,66,1,0.0298454958464811,4522717.40928726,1.81690096977354,0.0493628398930559,1.72014980358315,1.91365213596393
1500,67,1,0.0242520142572061,3708053.88132715,1.66016110502259,0.0538995952233838,1.55451789838475,1.76580431166042
1500,68,1,0.0257091425291391,69976873.1825314,1.64874061673388,0.0521667867928655,1.54649371461986,1.7509875188479
1500,69,1,0.0104763749433844,67925536.3993479,1.50744913118805,0.0569161108488168,1.39589355392437,1.61900470845173
1500,70,1,0.0251123877550494,28853662.5729912,1.55206587760745,0.07316841668544,1.40865578090398,1.69547597431091
1500,71,1,0.0240497768620935,216251283.447696,1.58614896765966,0.0633947150666927,1.46189532612895,1.71040260919038
1500,72,1,0.0252149882228919,1790870.40328851,1.77840968761187,0.0589367485767437,1.66289366040145,1.89392571482228
1500,73,1,0.023833483103827,40899357.5428119,1.69211100619176,0.050291378799987,1.59353990374379,1.79068210863974
1500,74,1,0.0248085240013849,1398205.62230339,1.72547917308201,0.055368821415461,1.61695628310771,1.83400206305632
1500,75,1,0.0249145984232471,188240193.102,1.90188961706957,0.0688972067478143,1.76685109184385,2.03692814229529
1500,76,1,0.0248394495180932,51165412.9521519,1.7345686059608,0.062190899487244,1.61267444296581,1.8564627689558
1500,77,1,0.02433894773813,2991998.58927359,1.6509712191422,0.0593112542702861,1.53472116077244,1.76722127751196
1500,78,1,0.0247360377226971,24452805.4502176,1.71622078556609,0.0557131917628093,1.60702292971099,1.8254186414212
1500,79,1,0.0247205202572883,1.38792469273389e+20,1.70443751406703,0.0546566068658081,1.59731056461004,1.81156446352401
1500,80,1,0.0261118044197465,14804050.4745018,1.5677444153383,0.0579210401459588,1.45421917665222,1.68126965402438
1500,81,1,0.0371249893561063,293790.240854733,1.83576521673513,0.0871922167423334,1.66486847192016,2.0066619615501
1500,82,1,0.0256129578386425,521490404.970775,1.62810710489102,0.0596031077238348,1.51128501375231,1.74492919602974
1500,83,1,0.0246231302098849,13080215802.6133,1.60293511598556,0.0543539342603535,1.49640140483527,1.70946882713585
1500,84,1,0.0251457312129595,11643246.8182525,1.85152371041779,0.0596231251487484,1.73466238512624,1.96838503570934
1500,85,1,0.0241280219502829,12937735.5260635,1.78306082855858,0.057943783638384,1.66949101262735,1.89663064448982
1500,86,1,0.0246732946244874,40204027.7702922,1.60522984737645,0.0473044356565769,1.51251315348956,1.69794654126334
1500,87,1,0.0249223659645813,72355321.0423073,1.85181560783191,0.0532661321265668,1.74741398886384,1.95621722679998
1500,88,1,0.0241993110887439,401680.221929851,1.69295434036593,0.0553132982308004,1.58454027583357,1.8013684048983
1500,89,1,0.0270052258844979,5195224.67572711,1.6271468915733,0.050422812760631,1.52831817856246,1.72597560458413
1500,90,1,0.0243760826648365,53695039.7575741,1.60012877158537,0.0511775573562581,1.4998207591671,1.70043678400363
1500,91,1,0.0250906041262497,635304142.698058,1.69777491912848,0.058207971606142,1.58368729478044,1.81186254347652
1500,92,1,0.0270788064422508,6.14338583277392e+20,1.80851663299637,0.0514872247182021,1.7076016725487,1.90943159344405
1500,93,1,0.024744634957957,41390117.7360026,1.71586991901119,0.0559066903951147,1.60629280583676,1.82544703218561
1500,94,1,0.0230843768787005,64328624.8726431,1.70710435104075,0.0635310646895863,1.58258346424916,1.83162523783234
1500,95,1,0.0250879632224922,45259952.9209039,1.64133979888911,0.0528138072127543,1.53782473675211,1.7448548610261
1500,96,1,0.0246051300792775,16356399.6769335,1.6668457373589,0.0522671654998684,1.56440209297916,1.76928938173864
1500,97,1,0.0270443037326753,46815600.9633897,1.79160293821074,0.0503002041928404,1.69301453799278,1.89019133842871
1500,98,1,0.0243407964315709,44415621.140569,1.87569689505293,0.0581779969106918,1.76166802110798,1.98972576899789
1500,99,1,0.0243601112410872,7.30208992779202e+20,1.76505783229194,0.0564188643707984,1.65447685812518,1.87563880645871
1500,100,1,0.0256654395777998,32730621.2588325,1.71138938664091,0.0517737247472628,1.60991288613628,1.81286588714555
1500,101,1,0.0252561700395854,43305744.6217023,1.74080855416382,0.0530258932995669,1.63687780329667,1.84473930503097
1500,102,1,0.0238038047340784,70138472.498644,1.55749719426624,0.0680592578467101,1.42410104888669,1.69089333964579
1500,103,1,0.0249836163738627,60511287.7293381,1.57499909484141,0.0487971920717087,1.47935659838086,1.67064159130196
1500,104,1,0.0246852048127437,67973763.7043449,1.70484405629585,0.0523257966151552,1.60228549493015,1.80740261766155
1500,105,1,0.0245831354494323,61556526.8592326,1.73648454173724,0.0573224156715068,1.62413260702109,1.84883647645339
1500,106,1,0.0323552669115331,201388.877781694,1.71277762457948,0.0553949497909881,1.60420352298914,1.82135172616981
1500,107,1,0.0251776451526086,2.08615832986553e+22,1.65165740316772,0.0512997580400478,1.55110987740923,1.75220492892622
1500,108,1,0.066052248516499,43882.137133634,1.74482325835491,0.0462064250400798,1.65425866527636,1.83538785143347
1500,109,1,0.0169387036546217,371626972.211986,1.76035136200677,0.0630350904653947,1.63680258469459,1.88390013931894
1500,110,1,0.0241316966087505,2127174.38365342,1.90726712363454,0.0550590787353228,1.79935132931331,2.01518291795577
1500,111,1,0.0269771539162915,22214499.3723669,1.86895181442271,0.0593034647984382,1.75271702341777,1.98518660542765
1500,112,1,0.0244213532951513,34704279.0525524,1.71141908831839,0.0546340955600006,1.60433626102079,1.81850191561599
1500,113,1,0.0238771236092268,69433307.8282378,1.70293461623913,0.0639638719657576,1.57756542718624,1.82830380529201
1500,114,1,0.0253895748735665,90831468.4668813,1.65632599700962,0.048476795882146,1.56131147708061,1.75134051693863
1500,115,1,0.0236716417983479,72645733.5493995,1.61181305550668,0.0595484680430969,1.49509805814221,1.72852805287115
1500,116,1,0.0247372385919491,12359905.0622609,1.6172709326082,0.0656721755513312,1.48855346852759,1.74598839668881
1500,117,1,0.0244052876222939,69998132.44725,1.5885190676113,0.0500383623554121,1.49044387739469,1.68659425782791
1500,118,1,0.0247559175995112,199418.821903571,1.62858809788769,0.0524265970722275,1.52583196762613,1.73134422814926
1500,119,1,0.0245021991084035,5.07562908552558e+20,1.65917542739076,0.0563601931701956,1.54870944877717,1.76964140600434
1500,120,1,0.0248302698391171,9621818.96743155,1.79448743503876,0.0565992459044176,1.6835529130661,1.90542195701141
1500,121,1,0.0249467600925944,3161505061.86163,1.73105788960725,0.064647513486439,1.60434876317383,1.85776701604067
1500,122,1,0.0248830002458039,1896839.56240616,1.68294769106522,0.057835177660929,1.5695907428498,1.79630463928064
1500,123,1,0.0251181735813719,14764091.0941888,1.60672356216247,0.0661145355574078,1.47713907246995,1.73630805185499
1500,124,1,0.0269914611719324,42700932.5515394,1.74811944879689,0.0515273867782286,1.64712577071156,1.84911312688222
1500,125,1,0.0255225197523845,21403209.005013,1.83916384952387,0.0687366482595413,1.70444001893517,1.97388768011257
1500,126,1,0.0256370859591564,424177120.189755,1.54986348326411,0.062643453559971,1.42708231428657,1.67264465224165
1500,127,1,0.0239914283315008,21095009.2216642,1.84214409567195,0.0601479850615494,1.72425404495131,1.96003414639259
1500,128,1,0.0239377721162612,41692838.2524211,1.80676766256351,0.0628806684403688,1.68352155242039,1.93001377270663
1500,129,1,0.0249978883435166,1248389.18404974,1.90402869286246,0.0679016504825642,1.77094145791663,2.03711592780828
1500,130,1,0.0247874380664525,101887129.701962,1.88741657528095,0.0546083052807399,1.7803842969307,1.9944488536312
1500,131,1,0.0248238979371801,29924137.4713575,1.67102249616247,0.0552890195729272,1.56265601779954,1.77938897452541
1500,132,1,0.00803553560128985,424495306.839379,1.14625428653626,0.0672126921594034,1.01451740990383,1.27799116316869
1500,133,1,0.0247844547447383,3.07262546073771e+22,1.69807942804941,0.0533178324467712,1.59357647645374,1.80258237964508
1500,134,1,0.025440450336865,10642849.028704,1.61630961101054,0.0605671129939237,1.49759806954245,1.73502115247863
1500,135,1,0.0241556009297362,8306797.27491281,1.58740941465553,0.0572203945300054,1.47525744137672,1.69956138793434
1500,136,1,0.0256007009214682,8852350.8837348,1.60152447910483,0.0720004428227322,1.46040361117227,1.74264534703738
1500,137,1,0.026100170583531,2542533330.6604,1.69954236444672,0.0492037143085666,1.60310308440193,1.79598164449151
1500,138,1,0.0248200829086396,14577681.3448188,1.74563647728431,0.0511352744947576,1.64541133927458,1.84586161529403
1500,139,1,0.026120094804669,94594670.076517,1.92204695925894,0.0561947488370903,1.81190525153824,2.03218866697963
1500,140,1,0.0246759846081125,22225553.4994122,1.66771625386388,0.0535316321248101,1.56279425489925,1.77263825282851
1500,141,1,0.0253157628583254,5460446.6835967,1.72523460618158,0.0506155849798301,1.62602805962112,1.82444115274205
1500,142,1,0.0245665448518462,66391002.0948578,1.5413256795236,0.0623020012556569,1.41921375706251,1.66343760198468
1500,143,1,0.0245705876508226,78866545.6004057,1.74570744180076,0.0556429800323788,1.6366472009373,1.85476768266422
1500,144,1,0.00542550179624897,1036521189.03838,1.75789900495855,0.0675998349688493,1.6254033284196,1.89039468149749
1500,145,1,0.0238134145354581,231724290.996943,1.59740683903855,0.0590019373347522,1.48176304186244,1.71305063621466
1500,146,1,0.0139996866493238,33745251.4787271,1.74482868664606,0.0625181408001714,1.62229313067773,1.8673642426144
1500,147,1,0.0245076919253314,39290902.865507,1.77030714773411,0.0582495029795677,1.65613812189416,1.88447617357406
1500,148,1,0.0262751043543359,129565601.337072,1.55562422403888,0.0543206591076151,1.44915573218795,1.6620927158898
1500,149,1,0.0131379214685423,564434641.606529,1.47546413082341,0.058896578920489,1.36002683613925,1.59090142550757
1500,150,1,0.0259235616171548,3149804.4639108,1.68497459810407,0.0539844275805824,1.57916512004613,1.79078407616201
1500,151,1,0.0247959239520929,55634059.9035716,1.86938977421149,0.0563331535558367,1.75897679324205,1.97980275518093
1500,152,1,0.0254831354689311,4.63911758203906e+20,1.68873192898304,0.0569104994694949,1.57718735002283,1.80027650794325
1500,153,1,0.0248557167272952,7072446.29398594,1.71150044117365,0.0549753451981401,1.6037487645853,1.81925211776201
1500,154,1,0.0245549126207555,3463949.7653289,1.63961216542651,0.0676823555095043,1.50695474862789,1.77226958222514
1500,155,1,0.024525722474,8995305.45537206,1.65007525116888,0.0549347404942709,1.54240315980011,1.75774734253765
1500,156,1,0.0255124714735691,52757418.5211505,1.68811007630045,0.0581066902833585,1.57422096334507,1.80199918925583
1500,157,1,0.0243642143809789,13089227.8864908,1.78318947871482,0.0594071559504178,1.666751453052,1.89962750437763
1500,158,1,0.0244596908282877,31055802.2965147,1.70580324895819,0.0585032002243536,1.59113697651846,1.82046952139792
1500,159,1,0.0248373250442379,39418930.6956473,1.64757325075216,0.0554510891853566,1.53888911594886,1.75625738555546
1500,160,1,0.0266629241675758,19436462.6521637,1.70521724186349,0.0624021356982814,1.58290905589486,1.82752542783213
1500,161,1,0.0249422692613459,2465084.90108195,1.8090210157542,0.0494260238921084,1.71214600892567,1.90589602258273
1500,162,1,0.0250266925828904,7.08747833770179e+22,1.74768612944142,0.0521359788355697,1.6454996109237,1.84987264795914
1500,163,1,0.023867795880364,212094206.636326,1.59821945418933,0.0601067421614457,1.4804102395529,1.71602866882577
1500,164,1,0.023860091002271,40371229.1072112,1.74681372010095,0.0520994009593873,1.64469889422055,1.84892854598134
1500,165,1,0.0243549378933593,1.7223408149551e+24,1.67852716660283,0.0588727711041648,1.56313653523866,1.79391779796699
1500,166,1,0.024504541511128,1.5889480594602e+21,1.81559201256804,0.0532520610495486,1.71121797291092,1.91996605222515
1500,167,1,0.0249359578087806,1182229941.08556,1.85668006101134,0.0538983178795542,1.75103935796741,1.96232076405527
1500,168,1,0.0121900082020703,51952737.016928,1.54441736008771,0.0604042939413813,1.42602494396261,1.66280977621282
1500,169,1,0.0242266316748251,13690471.675925,1.50751611351234,0.0494869644300578,1.41052166322943,1.60451056379526
1500,170,1,0.020543860965384,217079519.698211,1.81598447045801,0.0520561628853766,1.71395439120268,1.91801454971335
1500,171,1,0.0251430804899151,9.23077173076679e+23,1.58545800799243,0.0573071129443146,1.47313606662158,1.69777994936329
1500,172,1,0.024930957295345,1271773.86124837,1.59276160742597,0.0612071618150251,1.47279557026852,1.71272764458342
1500,173,1,0.0244750186837668,598090604.425546,1.6840182448548,0.0597874616301992,1.56683482005961,1.80120166964999
1500,174,1,0.0250439780070906,3733869.3958145,1.75284645713456,0.052047476862738,1.6508334024836,1.85485951178553
1500,175,1,0.0238621075040533,93113857.9243302,1.54986899679048,0.0603474234086719,1.43158804690948,1.66814994667148
1500,176,1,0.0241051911533967,1741334759.02987,1.75638775825102,0.196141525115236,1.37195036902515,2.14082514747688
1500,177,1,0.0271504902948126,27439379.7861876,1.69488282830255,0.0638492903231627,1.56973821926915,1.82002743733594
1500,178,1,0.024600801043192,43158405.654312,1.74513932943895,0.0584295589689963,1.63061739385972,1.85966126501818
1500,179,1,0.021636473524962,56958210.7713201,1.64858620409983,0.048304685993354,1.55390901955286,1.7432633886468
1500,180,1,0.0246626634787471,53223600.0981519,1.73731897165296,0.0589591849006311,1.62175896924772,1.8528789740582
1500,181,1,0.026936061664207,3181566631.63353,1.58355964062047,0.0609255495724677,1.46414556345844,1.70297371778251
1500,182,1,0.024333162178718,20836433.8149936,1.69792194939566,0.0527571606566517,1.59451791450862,1.8013259842827
1500,183,1,0.0250615662333709,1.00255574434683e+24,1.67698400475998,0.0550390912777363,1.56910738585562,1.78486062366435
1500,184,1,0.0245597411929028,9.09413765121237e+22,1.76556143852013,0.0686078555403071,1.63109004166112,1.90003283537913
1500,185,1,0.0244063624519715,36995873.6425342,1.80292251140407,0.0538529395629441,1.6973707498607,1.90847427294744
1500,186,1,0.0242546433496629,2.8604914628632e+24,1.59712514058521,0.0652294956555608,1.46927532910031,1.72497495207011
1500,187,1,0.0133748872632533,38953483.6503386,1.62979561626334,0.0673747603636696,1.49774108595055,1.76185014657613
1500,188,1,0.0254048604350884,34264466.9601143,1.6777716544143,0.0760623089787485,1.52868952881596,1.82685378001265
1500,189,1,0.0255010263411462,15103905.1034345,1.58918445076364,0.0660637624003116,1.45969947645903,1.71866942506825
1500,190,1,0.0233724429415584,29266991.8726619,1.46156343302903,0.0558875347736555,1.35202386487267,1.5711030011854
1500,191,1,0.0273717325646554,147983092.644129,1.77530347361524,0.0496599937487799,1.67796988586763,1.87263706136285
1500,192,1,0.022182273802187,230916504.142442,1.53071707236913,0.0605342759895589,1.41206989142959,1.64936425330866
1500,193,1,0.0279128463658984,69757023.3891382,1.69160480515441,0.0631906936821881,1.56775104553732,1.8154585647715
1500,194,1,0.0248650689373733,12624435.3354825,1.71989180938529,0.058994494202283,1.60426260074882,1.83552101802177
1500,195,1,0.0245503758431313,5321902.85558721,1.66068668135286,0.0557813120395224,1.5513553097554,1.77001805295032
1500,196,1,0.00884109006406666,71365769174542245888,1.6242252032733,0.070754135307604,1.48554709807039,1.7629033084762
1500,197,1,0.0256470794993605,83319673.58679,1.68720660726865,0.0551164866381746,1.57917829345783,1.79523492107947
1500,198,1,0.0240627457688288,144446222.841052,1.60629751841946,0.0638682528927821,1.4811157427496,1.73147929408931
1500,199,1,0.035569419685778,42102.1043354393,1.66244728685689,0.0553361351772425,1.5539884619095,1.77090611180429
1500,200,1,0.0250146530442067,4.41557247487882e+23,1.66135979608398,0.0485258235531908,1.56624918191972,1.75647041024823
2000,1,1,0.0157013704260988,181305362.767444,1.83909490562215,0.0447894733137197,1.75130753792726,1.92688227331704
2000,2,1,0.0189579230139658,19098584.7422677,1.63634674186279,0.0480013042747666,1.54226418548425,1.73042929824134
2000,3,1,0.0155777283207927,1.94809363030606e+20,1.73927984098648,0.0482963536760241,1.64461898778147,1.83394069419149
2000,4,1,0.00891175291391958,4932210925.04802,1.66581363884133,0.0504991575237074,1.56683529009487,1.7647919875878
2000,5,1,0.00915871673824754,274948077.042156,1.57536954218131,0.0563276833195945,1.4649672828749,1.68577180148771
2000,6,1,0.00559109818197031,44203265117.4962,1.72456914329089,0.0592297350143339,1.6084788626628,1.84065942391899
2000,7,1,0.0145151697468767,12171045.7824922,1.62802743539326,0.0531842322821704,1.5237863401202,1.73226853066631
2000,8,1,0.0142274623401668,4.7970996654509e+20,1.74423254966726,0.055121747253171,1.63619392505104,1.85227117428347
2000,9,1,0.00469553953164305,938644442.865541,1.60976876831226,0.0648052061961762,1.48275056416776,1.73678697245677
2000,10,1,0.0097480654712813,365068877.770221,1.41602749919768,0.0685374678959434,1.28169406212164,1.55036093627373
2000,11,1,0.013941095709605,141883291.329688,1.63796611909231,0.0543600208513842,1.5314204782236,1.74451175996102
2000,12,1,0.00978430201050188,2.04704255289712e+20,1.38055450368848,0.0616929072917139,1.25963640539672,1.50147260198024
2000,13,1,0.00868930617660347,1.18103855557385e+25,1.62083723081736,0.0531084028758548,1.51674476118068,1.72492970045403
2000,14,1,0.0114725241576237,1467914908.71962,1.74216016462924,0.0757248395061438,1.5937394791972,1.89058085006128
2000,15,1,0.0115404498573,154925356.144383,1.62701301852121,0.0576427789175464,1.51403317184282,1.7399928651996
2000,16,1,0.0105872094218611,280048209.206829,1.49697520391479,0.0517556948289783,1.39553404205,1.59841636577959
2000,17,1,0.00398705087095601,1533601081.31165,1.67929490600732,0.0677659217848232,1.54647369930907,1.81211611270557
2000,18,1,0.0473326515299558,90880.7135256657,1.68928722318931,0.0583901428972401,1.57484254311072,1.8037319032679
2000,19,1,0.00471407048734663,3.06327373570479e+23,1.4919546138126,0.11770066329473,1.26126131375493,1.72264791387027
2000,20,1,0.0104583906203856,51662041.9765306,1.70056785203104,0.0940902617721567,1.51615093895761,1.88498476510446
2000,21,1,0.0141068832888794,1.98037067369618e+20,1.6803336132042,0.0501081817900754,1.58212157689565,1.77854564951275
2000,22,1,0.0109122164126046,175946371.232408,1.67716086383257,0.0559245691464827,1.56754870830546,1.78677301935967
2000,23,1,0.0104352398899222,75446299.8286017,1.49838817928603,0.0516436678407316,1.39716659031819,1.59960976825386
2000,24,1,0.0154246253948639,130080460.378888,1.77780201601495,0.0817270568311604,1.61761698462588,1.93798704740403
2000,25,1,0.0131692618755709,182518882.565389,1.64294461763898,0.0593826733400174,1.52655457789255,1.75933465738542
2000,26,1,0.0120751010441621,7.15046459841148e+21,1.61353004592187,0.0571550187265668,1.5015062092178,1.72555388262594
2000,27,1,0.00810428241164618,279385182.660621,1.60406282396327,0.0480908980782058,1.50980466372999,1.69832098419656
2000,28,1,0.00580560599780714,72857119.9727782,1.45686722230916,0.0557594764035902,1.34757864855812,1.5661557960602
2000,29,1,0.00813927944650754,1.78582821418937e+20,1.51042626474299,0.0546850028642268,1.4032436591291,1.61760887035687
2000,30,1,0.0466369928439403,602916.251055642,1.67212704555803,0.0463977348767243,1.58118748519965,1.76306660591641
2000,31,1,0.00539807753406219,1434252634.94549,1.43156747983601,0.0684453705184769,1.29741455361979,1.56572040605222
2000,32,1,0.0268424864724237,8536418.03624357,1.85109819458055,0.0466713717885915,1.75962230587491,1.94257408328618
2000,33,1,0.017262502683941,65023309.1059225,1.78153665283286,0.0516070927192354,1.68038675110316,1.88268655456256
2000,34,1,0.0139839751654976,13225261.4314388,1.56140821137756,0.0608724638627048,1.44209818220666,1.68071824054847
2000,35,1,0.0055109198053335,7.84325655326165e+23,1.66744781748701,0.0582125187787736,1.55335128068061,1.7815443542934
2000,36,1,0.00999776544037485,455942491.384555,1.7937831148974,0.0529898284416424,1.68992305115178,1.89764317864302
2000,37,1,0.0108598462470151,316115545.478486,1.675140961176,0.0516829004766745,1.57384247624172,1.77643944611028
2000,38,1,0.00482625304558873,965217800.136276,1.61417905512709,0.062676225976526,1.4913336522131,1.73702445804108
2000,39,1,0.0226430926456129,99103009.3014853,1.8451022127993,0.0535114747286408,1.74021972233116,1.94998470326743
2000,40,1,0.00632554743803002,1.5997267672472e+20,-0.00594594800896158,0.131048155449346,-0.26280033268968,0.250908436671756
2000,41,1,0.0106802110916489,176559112.410285,1.51241911450735,0.0588283764794196,1.39711549660769,1.62772273240702
2000,42,1,0.0129563040505562,102467176.585277,1.65221792370272,0.0509067425266015,1.55244070835058,1.75199513905486
2000,43,1,0.0135350334777869,5.37286282639106e+39,1.61875413330307,0.0519669584761648,1.51689889468978,1.72060937191635
2000,44,1,0.00799801619271418,7.19772714611202e+20,1.55518525047821,0.0543718164215778,1.44861649029192,1.6617540106645
2000,45,1,0.0138677343451943,5220273.96298459,1.43395673826342,0.0562506994799572,1.3237053672827,1.54420810924413
2000,46,1,0.00609536689808485,1.29846782019363e+22,1.6945146193658,0.0634492782570945,1.57015403398189,1.8188752047497
2000,47,1,0.0108524786205404,1.23336127186066e+20,1.4488212982507,0.0792550990705644,1.29348130407239,1.604161292429
2000,48,1,0.01302283561367,82746146.4322052,1.66472689518087,0.0656836838187963,1.53598687489603,1.79346691546571
2000,49,1,0.00536629693966765,4.57110562122529e+25,1.59107393658004,0.0627041280207694,1.46817384565933,1.71397402750075
2000,50,1,0.0072898924933155,579774016.55868,1.59934968139145,0.053540211509485,1.49441086683286,1.70428849595004
2000,51,1,0.00960905552399135,34212401.579142,1.49014102312629,0.0604568196801397,1.37164565655322,1.60863638969937
2000,52,1,0.00608593512953187,1207175924.42034,1.57843476315123,0.0605834024464001,1.45969129435629,1.69717823194617
2000,53,1,0.00739047115116742,8.76398762639819e+21,1.3116037831147,0.0665254962461587,1.18121381047223,1.44199375575717
2000,54,1,0.00529530278091588,4747657522.38629,1.6397581662828,0.0615163714467372,1.5191860782472,1.76033025431841
2000,55,1,0.00679980961113875,646441321.82999,1.59628968988915,0.0545708892789167,1.48933074690247,1.70324863287582
2000,56,1,0.0147730060766064,172614095.035177,1.76509749195792,0.0471467562496114,1.67268984970868,1.85750513420716
2000,57,1,0.0205020296083559,9938076.87708025,1.64050207018544,0.050898145990038,1.54074170404497,1.74026243632592
2000,58,1,0.0207594731771562,69403160.0280689,1.74473188129419,0.0507385817365277,1.6452842610906,1.84417950149778
2000,59,1,0.00575011277914305,5051785031.97091,1.64938140700653,0.0665802532237507,1.51888411068798,1.77987870332508
2000,60,1,0.0125612793466705,304336584.587706,1.53839058499932,0.0516164879362771,1.43722226864422,1.63955890135443
2000,61,1,0.00655211899084563,428920865.407212,1.56115946283744,0.0614331290753604,1.44075052984974,1.68156839582515
2000,62,1,0.0168322460625626,68203099.5689291,1.70833378250563,0.0542073620159098,1.60208735295445,1.81458021205681
2000,63,1,0.00560881803588831,238895584.036631,1.41863419357371,0.0661360240845769,1.28900758636794,1.54826080077948
2000,64,1,0.0117470081128771,1945959911.33622,1.69959004099629,0.0533624709925286,1.59499959785093,1.80418048414164
2000,65,1,0.00872568645445533,229411943.771361,1.57747816563286,0.0522117587668259,1.47514311844988,1.67981321281584
2000,66,1,0.0174160186690992,156469437.433528,1.82955147509797,0.0527160218677309,1.72622807223721,1.93287487795872
2000,67,1,0.00799767411490525,316441078.739572,1.38909890170529,0.0601475648552727,1.27120967458895,1.50698812882162
2000,68,1,0.0118915874566965,135189487.061284,1.64594377379302,0.0691642485950825,1.51038184654666,1.78150570103938
2000,69,1,0.0136092803681317,47279382.7049823,1.67679720227956,0.0513817499121862,1.57608897245168,1.77750543210745
2000,70,1,0.00820687595564268,670266389.397807,1.72365317154764,0.0690690650236758,1.58827780410124,1.85902853899405
2000,71,1,0.00719717961216511,520912866.23106,1.46907673290635,0.0587459145053236,1.35393474047591,1.58421872533678
2000,72,1,0.00293954130107809,1.16260063099411e+21,0.791690658305263,0.085852449880637,0.623419856539214,0.959961460071311
2000,73,1,0.0119412348214817,391842492.364704,1.65798482131342,0.0635459474036588,1.53343476440225,1.78253487822459
2000,74,1,0.014309427827747,259942823.025413,1.81390121523966,0.0464710894048548,1.72281788000615,1.90498455047318
2000,75,1,0.0168592492332678,276571812.736179,1.6877089455934,0.055594942532548,1.5787428582296,1.79667503295719
2000,76,1,0.014326084655698,20120896.5861134,1.48286062454749,0.0501648048114483,1.38453760711705,1.58118364197793
2000,77,1,0.0209972241020919,50950646.7799561,1.6097455164518,0.0564343484674827,1.49913419345553,1.72035683944806
2000,78,1,0.0199011908466266,32578919.9460068,1.69234087968361,0.0485057868772182,1.59726953740426,1.78741222196296
2000,79,1,0.00990121949132015,1.50055815294721e+24,1.56686455507586,0.0595893840995154,1.45006936224081,1.68365974791091
2000,80,1,0.00502095848077464,8342534858.27982,1.46996352704812,0.0786684853638357,1.315773295735,1.62415375836124
2000,81,1,0.00673448990843547,255746150.5253,1.51919200770656,0.0619569699598073,1.39775634658533,1.64062766882778
2000,82,1,0.0135919678060818,228382888.313526,1.54615555742527,0.0471288949313647,1.45378292335979,1.63852819149074
2000,83,1,0.00762654247209576,78152499.4088081,1.45914914219857,0.0529392109224283,1.35538828879062,1.56290999560653
2000,84,1,0.00893974969176301,14374807.8034838,1.51147056019551,0.0730668033487357,1.36825962563199,1.65468149475903
2000,85,1,0.0113780594877492,1.95207111998799e+21,1.44409716188563,0.0642664998509685,1.31813482217773,1.57005950159353
2000,86,1,0.0143079586822809,5.76375602361935e+23,1.43947339901703,0.0482345757303489,1.34493363058554,1.53401316744851
2000,87,1,0.00747531794836262,2.59678000339398e+20,1.76931427270199,0.0579547761722784,1.65572291140433,1.88290563399966
2000,88,1,0.0106672485076453,1074777592.78655,1.4935937714945,0.0536656701852991,1.38840905793131,1.59877848505768
2000,89,1,0.00472583912818637,3.34097332030488e+20,1.62511490754723,0.0653838493277135,1.49696256286492,1.75326725222955
2000,90,1,0.01445317302427,114059618.565594,1.67142139061742,0.0605770226751085,1.5526904261742,1.79015235506063
2000,91,1,0.0050757001662893,96578359.4565952,1.60174859379496,0.0691904347601411,1.46613534166508,1.73736184592483
2000,92,1,0.00571591422174039,1902707244.81448,1.29210410212604,0.0756743153924729,1.14378244395679,1.44042576029529
2000,93,1,0.00807036956295728,6.08380067960383e+20,1.30341383104299,0.0712106511863294,1.16384095471778,1.44298670736819
2000,94,1,0.0118712921450244,301080076.761792,1.74685832694171,0.0510133095978201,1.64687224012999,1.84684441375344
2000,95,1,0.0211173809297373,69865151.6269706,1.8519633424677,0.0462534529912434,1.76130657460486,1.94262011033054
2000,96,1,0.0170816751928114,469998989.076993,1.51614662794687,0.0516852460907101,1.41484354560908,1.61744971028466
2000,97,1,0.0052667297541869,1396367768.656,1.57449228473137,0.0649748068730944,1.44714166326011,1.70184290620264
2000,98,1,0.00745188227339273,361862051.49333,1.54978276676645,0.0562827335358795,1.43946860903613,1.66009692449677
2000,99,1,0.0253788173948021,14816877.8349987,1.6320184939748,0.0484256191506103,1.53710428043961,1.72693270751
2000,100,1,0.00507300874080897,1443024245.60649,1.65451429042811,0.105231660151677,1.44826023653082,1.8607683443254
2000,101,1,0.0117703765940816,2462670318.74979,1.43052222834061,0.0507715940919153,1.33100990392045,1.53003455276076
2000,102,1,0.00731626443425244,565133966.775398,1.58193591089128,0.0513762813887964,1.48123839936924,1.68263342241333
2000,103,1,0.00735693963378702,1.93870441489303e+20,1.21797897497615,0.0626449633934901,1.0951948467249,1.34076310322739
2000,104,1,0.00481999324016769,2237033084.73758,1.64582915568306,0.0672544298840743,1.51401047311028,1.77764783825585
2000,105,1,0.00879622686500695,296963371.128443,1.64688151960297,0.0559692617736016,1.53718176652671,1.75658127267922
2000,106,1,0.00559892019303655,1499396962.91676,1.63830907391884,0.0606538401628525,1.51942754719965,1.75719060063803
2000,107,1,0.00470778192553117,1.1521759904316e+20,1.41321273002262,0.0685691501743701,1.27881719568086,1.54760826436439
2000,108,1,0.00479363818838598,176384206.755173,1.47280005906464,0.071831160278412,1.33201098491895,1.61358913321033
2000,109,1,0.00421221486632919,965248912.291001,1.57231958166896,0.0585805933184807,1.45750161876474,1.68713754457318
2000,110,1,0.00492243466162641,67215579465.1467,1.50575015924976,0.062500664248811,1.38324885732209,1.62825146117743
2000,111,1,0.00654456580209889,11936897213.7097,1.55004928374323,0.0598293416444699,1.43278377412007,1.66731479336639
2000,112,1,0.0108255601224519,2610233863.10983,1.47712247991803,0.060442882699219,1.35865442982756,1.5955905300085
2000,113,1,0.00829111196028451,4.28343750647435e+24,1.45658297150526,0.0574810859191867,1.34392004310365,1.56924589990686
2000,114,1,0.0105578888814435,681256233.959012,1.53527915386331,0.0647622045915713,1.40834523286383,1.66221307486279
2000,115,1,0.00783821306232507,417266621.248303,1.55612461075215,0.0566406633065738,1.44510891067127,1.66714031083304
2000,116,1,0.00465134725160613,15462319451.4743,1.40560624225146,0.0643006120935605,1.27957704254808,1.53163544195484
2000,117,1,0.00884382771069309,3.74723189723741e+20,1.61706157281764,0.0592228475525364,1.50098479161467,1.73313835402061
2000,118,1,0.018444301382687,60516586.6545085,1.67716431993393,0.043464923994292,1.59197306890512,1.76235557096274
2000,119,1,0.0223016330710487,91647917.699706,1.68451607132406,0.046567310890191,1.59324414197929,1.77578800066884
2000,120,1,0.0109034459097047,184904575.139876,1.81804673888684,0.0514330173093979,1.71723802496042,1.91885545281326
2000,121,1,0.012974615154632,1115226662.28728,1.61924790109295,0.0544847739381595,1.51245774417416,1.72603805801174
2000,122,1,0.00687053578840032,1964315521.97605,1.56963459389259,0.0571833735344696,1.45755518176503,1.68171400602015
2000,123,1,0.0105092982982713,330478601.853383,1.65519862225984,0.0610731072951208,1.5354953319614,1.77490191255828
2000,124,1,0.0213074523275132,68470630.9252604,1.74461368786113,0.0484976822078988,1.64955823073364,1.83966914498861
2000,125,1,0.00971899876512679,1.57561010002857e+21,0.932199373415953,0.0752855951159249,0.78463960698874,1.07975913984317
2000,126,1,0.0223413497854124,1.25731845598059e+23,1.75147400374264,0.0460558798106927,1.66120447931368,1.8417435281716
2000,127,1,0.0108582500697373,320456597.128375,1.59737600868784,0.0600522292105475,1.47967363943516,1.71507837794051
2000,128,1,0.00985651943652118,7.7578156480518e+23,1.7124323865343,0.0542712193400311,1.60606079662784,1.81880397644077
2000,129,1,0.00876600817617632,346158480.992842,1.52101050724832,0.0715951857919142,1.38068394309617,1.66133707140047
2000,130,1,0.00611329142960675,2.38993495585615e+20,1.61361588528959,0.0560304944604616,1.50379611614709,1.72343565443209
2000,131,1,0.024685673207512,206580360028.062,1.71747030160768,0.046627318049577,1.62608075823051,1.80885984498485
2000,132,1,0.00966002631046725,1.81450187821802e+20,1.63259141662258,0.0506250428639513,1.53336633260924,1.73181650063593
2000,133,1,0.00733899457142912,98802732.2849746,1.63688001483358,0.0709525144713027,1.49781308646983,1.77594694319733
2000,134,1,0.018113177444838,73782539.7687791,1.64174591403741,0.051006885879685,1.54177241771322,1.74171941036159
2000,135,1,0.0152427140299914,37904488.3837209,1.80678046698134,0.161766887145383,1.48971736817638,2.12384356578629
2000,136,1,0.00670700366697931,754068308.798686,1.58090282025383,0.0563572889967178,1.47044253382026,1.6913631066874
2000,137,1,0.00813718630839334,185461905.84024,1.4928554084912,0.0637129709696472,1.36797798539069,1.61773283159171
2000,138,1,0.0103676737065416,1.7854635936922e+23,1.62233975093268,0.0593727955254284,1.50596907170285,1.73871043016252
2000,139,1,0.00113675086528224,6.01294643661346e+20,1.44542023652261,0.0673735966336825,1.31336798712059,1.57747248592462
2000,140,1,0.0139871050782969,2.39120023990335e+22,1.67941244094953,0.0559242359361738,1.56980093851463,1.78902394338443
2000,141,1,0.00467752464808942,241641366.479506,1.48952462628326,0.0752806026700044,1.34197464505006,1.63707460751647
2000,142,1,0.0112230019901086,285191767.689255,1.69407626168452,0.0520972903178104,1.59196557266161,1.79618695070743
2000,143,1,0.00427276476995786,912650701.023873,1.37880543473218,0.0631602833610664,1.25501127934449,1.50259959011987
2000,144,1,0.0102730181161103,536496009.552222,1.70593125170752,0.0843074112391161,1.54068872567885,1.87117377773619
2000,145,1,0.0180393065438349,98985315.2578455,1.66502894690129,0.269009742766174,1.13776985107959,2.19228804272299
2000,146,1,0.00727134202339276,665513768.065874,1.60801087575467,0.0540287189667158,1.50211458657991,1.71390716492943
2000,147,1,0.0109982139289586,4.61167661306063e+23,1.68013546834412,0.0529483549018718,1.57635669273645,1.78391424395179
2000,148,1,0.00411715714271089,210141458850.189,1.68777970878247,0.0583810450420029,1.57335286050014,1.80220655706479
2000,149,1,0.00915399673103344,92982459.0762679,1.5382399488566,0.0563064164603988,1.42787937259421,1.64860052511898
2000,150,1,0.00667518178801022,50792809.196304,1.59024527632426,0.057677824123501,1.4771967410422,1.70329381160632
2000,151,1,0.00684212111924808,284427004.355677,1.33288438208833,0.0633143509112311,1.20878825430232,1.45698050987434
2000,152,1,0.00473828377923201,77869279106.9051,1.5517006441852,0.116166365720163,1.32401456737368,1.77938672099672
2000,153,1,0.0107575605309379,2.07053209131795e+21,1.53931921756206,0.0527465149021745,1.4359360483538,1.64270238677033
2000,154,1,0.00809870308662006,405157746.340791,1.49732888389055,0.0633762807535065,1.37311137361368,1.62154639416743
2000,155,1,0.0112949466801129,134724555.143696,1.61906745985348,0.056785716105379,1.50776745628693,1.73036746342002
2000,156,1,0.00894650784610732,1191822633.28414,1.60653171922466,0.052999314362907,1.50265306307336,1.71041037537595
2000,157,1,0.0119138849991204,1246249846.75764,1.63868020762906,0.0614220361284912,1.51829301681721,1.7590673984409
2000,158,1,0.00350430290533,2.13463220182908e+24,1.56605017339216,0.0726832797380558,1.42359094510557,1.70850940167875
2000,159,1,0.0061515433541872,4216526385.51076,1.32181193703619,0.0567637853585394,1.21055491773345,1.43306895633893
2000,160,1,0.00674117124918291,531509461.343686,1.50090351430667,0.0618159355673352,1.37974428059469,1.62206274801865
2000,161,1,0.0106086329990297,15074036.4593123,1.61085919447492,0.050585361530079,1.51171188587597,1.71000650307388
2000,162,1,0.0105707116553679,255257681.094961,1.61676841273195,0.058147406934117,1.50279949514108,1.73073733032282
2000,163,1,0.0322115818143393,18672539.1437772,1.63967674942105,0.0468644503988644,1.54782242663927,1.73153107220282
2000,164,1,0.00695337030727943,94423215441.737,1.64341989554336,0.0604173678483458,1.5250018545606,1.76183793652612
2000,165,1,0.0129813316407573,115782233.37638,1.59176256358117,0.0507186434831653,1.49235402235417,1.69117110480818
2000,166,1,0.00532451065644895,246881280.317003,1.55514737251223,0.0630350103504203,1.43159875222541,1.67869599279906
2000,167,1,0.0106202071453699,1.08883630893917e+20,1.28922411029225,0.0546196815335934,1.18216953448641,1.39627868609809
2000,168,1,0.0117355840583507,246752851.54556,1.56314189719594,0.0646482370669159,1.43643135254478,1.6898524418471
2000,169,1,0.0129017294619599,148715165.82199,1.68436832910268,0.0540886374039398,1.57835459979096,1.7903820584144
2000,170,1,0.011719232885891,4.53848222889969e+20,1.47740788578876,0.0546872810944515,1.37022081484364,1.58459495673389
2000,171,1,0.00498788193679728,34210870688.3262,1.43895117373648,0.0605215200053086,1.32032899452607,1.55757335294688
2000,172,1,0.00665908496175158,506158375.66181,1.6652233372722,0.0701617144642586,1.52770637692226,1.80274029762215
2000,173,1,0.0186730311549178,4.87493627093146e+20,1.53450340032559,0.0442622967913604,1.44774929861452,1.62125750203666
2000,174,1,0.0230772611631051,69983951.0216339,1.6967980962913,0.0494299147670083,1.59991546334796,1.79368072923463
2000,175,1,0.0104005717462959,57961048.8487521,1.67956233155266,0.0565204238182137,1.56878230086896,1.79034236223636
2000,176,1,0.0110232242392446,1120004292.03789,1.82176632453755,0.0566014287426798,1.7108275242019,1.9327051248732
2000,177,1,0.0206906806585646,17061954.0313165,1.57015344767383,0.0539519740263711,1.46440757858214,1.67589931676552
2000,178,1,0.0054498854203418,9.3014427136717e+21,1.60991622337556,0.0673429030017028,1.47792413349223,1.7419083132589
2000,179,1,0.00577473031754413,8.71784846146561e+20,1.44690827134261,0.0636838956785462,1.32208783581266,1.57172870687256
2000,180,1,0.0152204648681075,203288227.933559,1.61209138570977,0.0534124448196525,1.50740299386325,1.71677977755629
2000,181,1,0.0105525764031266,88937090.6773553,1.65906645375278,0.0526545990349664,1.55586343964425,1.76226946786132
2000,182,1,0.00479488754867124,522311311.641783,1.62482952307345,0.0611294175700077,1.50501586463624,1.74464318151067
2000,183,1,0.00662037529779485,526327050.683348,1.5211761372672,0.0719784821165379,1.38009831231879,1.66225396221562
2000,184,1,0.0107594076641973,54488969.0053291,1.63582045456799,0.051365041349067,1.53514497352382,1.73649593561216
2000,185,1,0.012918945562519,147837678.173723,1.54842428284412,0.0497179619294701,1.45097707746236,1.64587148822588
2000,186,1,0.012124448403394,1284366245.10782,1.64115664087671,0.0501461649396009,1.5428701575951,1.73944312415833
2000,187,1,0.0133114558382082,289409243.879248,1.55328479285899,0.0586584750695321,1.43831418172271,1.66825540399527
2000,188,1,0.0125438811033815,397713550.333838,1.78505167167854,0.0497728718820284,1.68749684278976,1.88260650056731
2000,189,1,0.0109363198545453,336111762.878607,1.56005803659906,0.057817858891836,1.44673503317106,1.67338104002706
2000,190,1,0.00430060646780435,1169404710.42567,1.35883896691721,0.0614139862728622,1.2384675538224,1.47921038001202
2000,191,1,0.00732052755687693,3.39641130250357e+21,1.4172634569158,0.0564263312180606,1.3066678477284,1.5278590661032
2000,192,1,0.00686924145500786,4.59963641916418e+20,1.70431409558205,0.0599548358151918,1.58680261738428,1.82182557377983
2000,193,1,0.0115213145427183,2.2360905460545e+41,1.46517773789485,0.0596592041501717,1.34824569776051,1.58210977802919
2000,194,1,0.0169130208507662,865986132.364087,1.83401445541444,0.0502800334534185,1.73546558984574,1.93256332098314
2000,195,1,0.0131073829445908,5159819.8711819,1.4578917776826,0.0492697499006444,1.36132306787734,1.55446048748786
2000,196,1,0.00607598748644276,3.79826238966594e+20,1.88498613158678,0.0560654902136573,1.77509777076801,1.99487449240554
2000,197,1,0.0210462234836569,23045732.9211814,1.72528401487623,0.0558340753059594,1.61584922727655,1.83471880247591
2000,198,1,0.0129044326819108,1.18023325546868e+20,1.8255866135845,0.0554393146890277,1.71692555679401,1.93424767037499
2000,199,1,0.00743986611866612,1251492930.29058,1.77146222610708,0.0631025895266266,1.64778115063489,1.89514330157927
2000,200,1,0.0108294962163336,27722096.7188621,1.41565928507439,0.0544779956133619,1.3088824136722,1.52243615647658
